Workbook

Sheet 목록 최종정리
A1: carid | B1: 차량번호 | C1: 색상 | D1: 제조사 | E1: 세부모델 | F1: 트림 | G1: 세부트림 | H1: 연식 | I1: 유종 | J1: 차형 | K1: 판매금액 | L1: 주행거리 | M1: 최초등록년월 | N1: 판매자ID | O1: 판매자명 | P1: 판매자 세부정보(사업자등록번호, 조합, 전화번호, 매매사원번호등) | Q1: 성능점검등록방식 | R1: 성능점검지 이미지 | S1: 렌트이력 | V1: 차대번호 | W1: 단순수리 | X1: 사고이력 | Y1: 유상옵션 | Z1: 기본옵션
A2: 41356587 | B2: =VLOOKUP(A2,vehicle_detail!$A$2:$DK$101,111,FALSE) -> 157더9839 | C2: =VLOOKUP(A2,vehicle_detail!$A$2:$DK$101,101,FALSE) -> 쥐색 | D2: =VLOOKUP(A2,list_100!$B$2:$P$101,9,FALSE) -> 현대 | E2: =VLOOKUP(A2,list_100!$B$2:$P$101,11,FALSE) -> 아반떼 (CN7) | F2: =VLOOKUP(A2,list_100!$B$2:$P$101,2,FALSE) -> 1.6 | G2: =VLOOKUP(A2,list_100!$B$2:$P$101,3,FALSE) -> 모던 | H2: =VLOOKUP(A2,list_100!$B$2:$P$101,6,FALSE) -> 2021 | I2: =VLOOKUP(A2,list_100!$B$2:$P$101,7,FALSE) -> 가솔린 | J2: =VLOOKUP(A2,vehicle_detail!$A$2:$DK$101,100,FALSE) -> 준중형차 | K2: =VLOOKUP(A2,list_100!$B$2:$P$101,15,FALSE) -> 1219 | L2: =VLOOKUP(A2,list_100!$B$2:$P$101,10,FALSE) -> 154242 | M2: =VLOOKUP(A2,list_100!$B$2:$V$101,21,FALSE) -> 202010 | N2: =VLOOKUP(A2,seller_user!$A$2:$Y$101,2,FALSE) -> dnfltnghk92 | O2: =VLOOKUP(A2,seller_user!$A$2:$Y$101,25,FALSE) -> 신윤석 | P2: =VLOOKUP(A2,seller_user!$A$2:$Y$101,3,FALSE) -> [{"companyType": "FIRM", "companyName": "카메이트", "brn": "438-18-00082", "associationCd": 28, "associationName": "경기 자동차매매사업조합", "associationPhoneNumber": "031-242-8940", "certificatedEmployeeNumber": "GC21-05732", "address": {"zipcode": "16602 ", "location": null, "sido": "경기", "sigungu": "수원시 권선구", "eupmyeondong": null, "eupmyeondongEtc": null, "address": "경기 수원시 권선구 권선로 308", "buildingCd": "4111312800100140134000001"}, "contacts": null, "used": true}] | Q2: =VLOOKUP(A2,inspection_detail_raw!A2:BK101,4,FALSE) -> ["IMAGE"] | R2: =IFERROR("https://ci.encar.com"&VLOOKUP(A2,'성능점검 이미지정보'!A:E,2,FALSE),"") -> https://ci.encar.com/carsdata/cars/inspection/41356587_photoPerform1.jpg | S2: =IFERROR(VLOOKUP(TEXT(A2,"0"), inspection_detail_raw!A:BK, 50, FALSE), "알수없음") -> 0 | T2: =IFERROR(VLOOKUP(TEXT(A2,"0"), inspection_detail_raw!A:BK, 51, FALSE), "알수없음") -> 0 | U2: =IFERROR(VLOOKUP(TEXT(A2,"0"), inspection_detail_raw!A:BK, 52, FALSE), "알수없음") -> 0 | V2: =IFERROR(VLOOKUP(TEXT(A2,"0"), inspection_detail_raw!A:BK, 54, FALSE), "알수없음") -> 0 | W2: =IFERROR(VLOOKUP(TEXT(A2,"0"), inspection_detail_raw!A:BK, 57, FALSE), "알수없음") -> TRUE | X2: =IFERROR(VLOOKUP(TEXT(A2,"0"), inspection_detail_raw!A:BK, 59, FALSE), "알수없음") -> [] | Y2: =VLOOKUP(A2,vehicle_detail!$A$2:$DK$101,78,FALSE) -> ["10001", "10008", "10006", "10002"] | Z2: =VLOOKUP(A2,vehicle_detail!$A$2:$DK$101,80,FALSE) -> ["001", "005", "006", "007", "008", "014", "015", "017", "019", "020", "021", "022", "023", "024", "026", "027", "030", "031", "032", "033", "034", "051", "055", "056", "057", "058", "072", "074", "077", "079", "082", "088", "094", "096", "097"]
A3: 41353573 | B3: =VLOOKUP(A3,vehicle_detail!$A$2:$DK$101,111,FALSE) -> 41모5330 | C3: =VLOOKUP(A3,vehicle_detail!$A$2:$DK$101,101,FALSE) -> 쥐색 | D3: =VLOOKUP(A3,list_100!$B$2:$P$101,9,FALSE) -> 현대 | E3: =VLOOKUP(A3,list_100!$B$2:$P$101,11,FALSE) -> 싼타페 더 프라임 | F3: =VLOOKUP(A3,list_100!$B$2:$P$101,2,FALSE) -> 디젤 2.0 2WD | G3: =VLOOKUP(A3,list_100!$B$2:$P$101,3,FALSE) -> 익스클루시브 | H3: =VLOOKUP(A3,list_100!$B$2:$P$101,6,FALSE) -> 2016 | I3: =VLOOKUP(A3,list_100!$B$2:$P$101,7,FALSE) -> 디젤 | J3: =VLOOKUP(A3,vehicle_detail!$A$2:$DK$101,100,FALSE) -> SUV | K3: =VLOOKUP(A3,list_100!$B$2:$P$101,15,FALSE) -> 1039 | L3: =VLOOKUP(A3,list_100!$B$2:$P$101,10,FALSE) -> 179987 | M3: =VLOOKUP(A3,list_100!$B$2:$V$101,21,FALSE) -> 201506 | N3: =VLOOKUP(A3,seller_user!$A$2:$Y$101,2,FALSE) -> dnfltnghk92 | O3: =VLOOKUP(A3,seller_user!$A$2:$Y$101,25,FALSE) -> 신윤석 | P3: =VLOOKUP(A3,seller_user!$A$2:$Y$101,3,FALSE) -> [{"companyType": "FIRM", "companyName": "카메이트", "brn": "438-18-00082", "associationCd": 28, "associationName": "경기 자동차매매사업조합", "associationPhoneNumber": "031-242-8940", "certificatedEmployeeNumber": "GC21-05732", "address": {"zipcode": "16602 ", "location": null, "sido": "경기", "sigungu": "수원시 권선구", "eupmyeondong": null, "eupmyeondongEtc": null, "address": "경기 수원시 권선구 권선로 308", "buildingCd": "4111312800100140134000001"}, "contacts": null, "used": true}] | Q3: =VLOOKUP(A3,inspection_detail_raw!A3:BK102,4,FALSE) -> ["IMAGE"] | R3: =IFERROR("https://ci.encar.com"&VLOOKUP(A3,'성능점검 이미지정보'!A:E,2,FALSE),"") -> https://ci.encar.com/carsdata/cars/inspection/41353573_photoPerform1.jpg | S3: =VLOOKUP(A3,inspection_detail_raw!A3:BK102,50,FALSE) -> 0 | T3: =IFERROR(VLOOKUP(TEXT(A3,"0"), inspection_detail_raw!A:BK, 51, FALSE), "알수없음") -> 0 | U3: =IFERROR(VLOOKUP(TEXT(A3,"0"), inspection_detail_raw!A:BK, 52, FALSE), "알수없음") -> 0 | V3: =IFERROR(VLOOKUP(TEXT(A3,"0"), inspection_detail_raw!A:BK, 54, FALSE), "알수없음") -> 0 | W3: =IFERROR(VLOOKUP(TEXT(A3,"0"), inspection_detail_raw!A:BK, 57, FALSE), "알수없음") -> FALSE | X3: =IFERROR(VLOOKUP(TEXT(A3,"0"), inspection_detail_raw!A:BK, 59, FALSE), "알수없음") -> [] | Y3: =VLOOKUP(A3,vehicle_detail!$A$2:$DK$101,78,FALSE) -> ["1124", "1126", "1094"] | Z3: =VLOOKUP(A3,vehicle_detail!$A$2:$DK$101,80,FALSE) -> ["001", "003", "005", "006", "007", "008", "010", "014", "015", "017", "019", "020", "021", "022", "023", "024", "026", "027", "029", "030", "031", "032", "033", "034", "035", "051", "055", "056", "057", "058", "062", "063", "068", "071", "072", "074", "077", "082", "085", "092", "094", "096", "097"]
A4: 41403456 | B4: =VLOOKUP(A4,vehicle_detail!$A$2:$DK$101,111,FALSE) -> 57모1896 | C4: =VLOOKUP(A4,vehicle_detail!$A$2:$DK$101,101,FALSE) -> 흰색 | D4: =VLOOKUP(A4,list_100!$B$2:$P$101,9,FALSE) -> 현대 | E4: =VLOOKUP(A4,list_100!$B$2:$P$101,11,FALSE) -> 그랜저 HG | F4: =VLOOKUP(A4,list_100!$B$2:$P$101,2,FALSE) -> HG240 모던 | G4: =VLOOKUP(A4,list_100!$B$2:$P$101,3,FALSE) -> 0 | H4: =VLOOKUP(A4,list_100!$B$2:$P$101,6,FALSE) -> 2014 | I4: =VLOOKUP(A4,list_100!$B$2:$P$101,7,FALSE) -> 가솔린 | J4: =VLOOKUP(A4,vehicle_detail!$A$2:$DK$101,100,FALSE) -> 대형차 | K4: =VLOOKUP(A4,list_100!$B$2:$P$101,15,FALSE) -> 459 | L4: =VLOOKUP(A4,list_100!$B$2:$P$101,10,FALSE) -> 196565 | M4: =VLOOKUP(A4,list_100!$B$2:$V$101,21,FALSE) -> 201306 | N4: =VLOOKUP(A4,seller_user!$A$2:$Y$101,2,FALSE) -> dnfltnghk92 | O4: =VLOOKUP(A4,seller_user!$A$2:$Y$101,25,FALSE) -> 신윤석 | P4: =VLOOKUP(A4,seller_user!$A$2:$Y$101,3,FALSE) -> [{"companyType": "FIRM", "companyName": "카메이트", "brn": "438-18-00082", "associationCd": 28, "associationName": "경기 자동차매매사업조합", "associationPhoneNumber": "031-242-8940", "certificatedEmployeeNumber": "GC21-05732", "address": {"zipcode": "16602 ", "location": null, "sido": "경기", "sigungu": "수원시 권선구", "eupmyeondong": null, "eupmyeondongEtc": null, "address": "경기 수원시 권선구 권선로 308", "buildingCd": "4111312800100140134000001"}, "contacts": null, "used": true}] | Q4: =VLOOKUP(A4,inspection_detail_raw!A4:BK103,4,FALSE) -> ["IMAGE"] | R4: =IFERROR("https://ci.encar.com"&VLOOKUP(A4,'성능점검 이미지정보'!A:E,2,FALSE),"") -> https://ci.encar.com/carsdata/cars/inspection/41403456_photoPerform1.jpg | S4: =VLOOKUP(A4,inspection_detail_raw!A4:BK103,50,FALSE) -> 0 | T4: =IFERROR(VLOOKUP(TEXT(A4,"0"), inspection_detail_raw!A:BK, 51, FALSE), "알수없음") -> 0 | U4: =IFERROR(VLOOKUP(TEXT(A4,"0"), inspection_detail_raw!A:BK, 52, FALSE), "알수없음") -> 0 | V4: =IFERROR(VLOOKUP(TEXT(A4,"0"), inspection_detail_raw!A:BK, 54, FALSE), "알수없음") -> 0 | W4: =IFERROR(VLOOKUP(TEXT(A4,"0"), inspection_detail_raw!A:BK, 57, FALSE), "알수없음") -> FALSE | X4: =IFERROR(VLOOKUP(TEXT(A4,"0"), inspection_detail_raw!A:BK, 59, FALSE), "알수없음") -> [] | Y4: =VLOOKUP(A4,vehicle_detail!$A$2:$DK$101,78,FALSE) -> ["1128", "1125", "1129", "1109"] | Z4: =VLOOKUP(A4,vehicle_detail!$A$2:$DK$101,80,FALSE) -> ["001", "003", "005", "006", "007", "008", "010", "014", "015", "017", "019", "020", "021", "022", "023", "024", "026", "027", "030", "031", "032", "033", "034", "035", "051", "055", "056", "057", "058", "063", "068", "071", "072", "074", "077", "082", "085", "094", "096", "097"]
A5: 41390361 | B5: =VLOOKUP(A5,vehicle_detail!$A$2:$DK$101,111,FALSE) -> 166어8176 | C5: =VLOOKUP(A5,vehicle_detail!$A$2:$DK$101,101,FALSE) -> 흰색 | D5: =VLOOKUP(A5,list_100!$B$2:$P$101,9,FALSE) -> 현대 | E5: =VLOOKUP(A5,list_100!$B$2:$P$101,11,FALSE) -> 더 뉴 아반떼 AD | F5: =VLOOKUP(A5,list_100!$B$2:$P$101,2,FALSE) -> 1.6 | G5: =VLOOKUP(A5,list_100!$B$2:$P$101,3,FALSE) -> 스마트 | H5: =VLOOKUP(A5,list_100!$B$2:$P$101,6,FALSE) -> 2019 | I5: =VLOOKUP(A5,list_100!$B$2:$P$101,7,FALSE) -> 가솔린 | J5: =VLOOKUP(A5,vehicle_detail!$A$2:$DK$101,100,FALSE) -> 준중형차 | K5: =VLOOKUP(A5,list_100!$B$2:$P$101,15,FALSE) -> 999 | L5: =VLOOKUP(A5,list_100!$B$2:$P$101,10,FALSE) -> 94655 | M5: =VLOOKUP(A5,list_100!$B$2:$V$101,21,FALSE) -> 201810 | N5: =VLOOKUP(A5,seller_user!$A$2:$Y$101,2,FALSE) -> dnfltnghk92 | O5: =VLOOKUP(A5,seller_user!$A$2:$Y$101,25,FALSE) -> 신윤석 | P5: =VLOOKUP(A5,seller_user!$A$2:$Y$101,3,FALSE) -> [{"companyType": "FIRM", "companyName": "카메이트", "brn": "438-18-00082", "associationCd": 28, "associationName": "경기 자동차매매사업조합", "associationPhoneNumber": "031-242-8940", "certificatedEmployeeNumber": "GC21-05732", "address": {"zipcode": "16602 ", "location": null, "sido": "경기", "sigungu": "수원시 권선구", "eupmyeondong": null, "eupmyeondongEtc": null, "address": "경기 수원시 권선구 권선로 308", "buildingCd": "4111312800100140134000001"}, "contacts": null, "used": true}] | Q5: =VLOOKUP(A5,inspection_detail_raw!A5:BK104,4,FALSE) -> ["IMAGE"] | R5: =IFERROR("https://ci.encar.com"&VLOOKUP(A5,'성능점검 이미지정보'!A:E,2,FALSE),"") -> https://ci.encar.com/carsdata/cars/inspection/41390361_photoPerform1.jpg | S5: =VLOOKUP(A5,inspection_detail_raw!A5:BK104,50,FALSE) -> 0 | T5: =IFERROR(VLOOKUP(TEXT(A5,"0"), inspection_detail_raw!A:BK, 51, FALSE), "알수없음") -> 0 | U5: =IFERROR(VLOOKUP(TEXT(A5,"0"), inspection_detail_raw!A:BK, 52, FALSE), "알수없음") -> 0 | V5: =IFERROR(VLOOKUP(TEXT(A5,"0"), inspection_detail_raw!A:BK, 54, FALSE), "알수없음") -> 0 | W5: =IFERROR(VLOOKUP(TEXT(A5,"0"), inspection_detail_raw!A:BK, 57, FALSE), "알수없음") -> TRUE | X5: =IFERROR(VLOOKUP(TEXT(A5,"0"), inspection_detail_raw!A:BK, 59, FALSE), "알수없음") -> [] | Y5: =VLOOKUP(A5,vehicle_detail!$A$2:$DK$101,78,FALSE) -> ["1143", "1144", "1142"] | Z5: =VLOOKUP(A5,vehicle_detail!$A$2:$DK$101,80,FALSE) -> ["001", "005", "006", "007", "008", "014", "015", "017", "019", "020", "022", "023", "024", "026", "027", "030", "031", "032", "033", "055", "056", "057", "058", "071", "072", "074", "075", "082", "088", "096", "097"]
A6: 41403526 | B6: =VLOOKUP(A6,vehicle_detail!$A$2:$DK$101,111,FALSE) -> 46로4665 | C6: =VLOOKUP(A6,vehicle_detail!$A$2:$DK$101,101,FALSE) -> 흰색 | D6: =VLOOKUP(A6,list_100!$B$2:$P$101,9,FALSE) -> 현대 | E6: =VLOOKUP(A6,list_100!$B$2:$P$101,11,FALSE) -> i30(신형) | F6: =VLOOKUP(A6,list_100!$B$2:$P$101,2,FALSE) -> 디젤 1.6 VGT 익스트림 | G6: =VLOOKUP(A6,list_100!$B$2:$P$101,3,FALSE) -> 0 | H6: =VLOOKUP(A6,list_100!$B$2:$P$101,6,FALSE) -> 2012 | I6: =VLOOKUP(A6,list_100!$B$2:$P$101,7,FALSE) -> 디젤 | J6: =VLOOKUP(A6,vehicle_detail!$A$2:$DK$101,100,FALSE) -> 준중형차 | K6: =VLOOKUP(A6,list_100!$B$2:$P$101,15,FALSE) -> 549 | L6: =VLOOKUP(A6,list_100!$B$2:$P$101,10,FALSE) -> 165201 | M6: =VLOOKUP(A6,list_100!$B$2:$V$101,21,FALSE) -> 201212 | N6: =VLOOKUP(A6,seller_user!$A$2:$Y$101,2,FALSE) -> dnfltnghk92 | O6: =VLOOKUP(A6,seller_user!$A$2:$Y$101,25,FALSE) -> 신윤석 | P6: =VLOOKUP(A6,seller_user!$A$2:$Y$101,3,FALSE) -> [{"companyType": "FIRM", "companyName": "카메이트", "brn": "438-18-00082", "associationCd": 28, "associationName": "경기 자동차매매사업조합", "associationPhoneNumber": "031-242-8940", "certificatedEmployeeNumber": "GC21-05732", "address": {"zipcode": "16602 ", "location": null, "sido": "경기", "sigungu": "수원시 권선구", "eupmyeondong": null, "eupmyeondongEtc": null, "address": "경기 수원시 권선구 권선로 308", "buildingCd": "4111312800100140134000001"}, "contacts": null, "used": true}] | Q6: =VLOOKUP(A6,inspection_detail_raw!A6:BK105,4,FALSE) -> ["IMAGE"] | R6: =IFERROR("https://ci.encar.com"&VLOOKUP(A6,'성능점검 이미지정보'!A:E,2,FALSE),"") -> https://ci.encar.com/carsdata/cars/inspection/41403526_photoPerform1.jpg | S6: =VLOOKUP(A6,inspection_detail_raw!A6:BK105,50,FALSE) -> 0 | T6: =IFERROR(VLOOKUP(TEXT(A6,"0"), inspection_detail_raw!A:BK, 51, FALSE), "알수없음") -> 0 | U6: =IFERROR(VLOOKUP(TEXT(A6,"0"), inspection_detail_raw!A:BK, 52, FALSE), "알수없음") -> 0 | V6: =IFERROR(VLOOKUP(TEXT(A6,"0"), inspection_detail_raw!A:BK, 54, FALSE), "알수없음") -> 0 | W6: =IFERROR(VLOOKUP(TEXT(A6,"0"), inspection_detail_raw!A:BK, 57, FALSE), "알수없음") -> FALSE | X6: =IFERROR(VLOOKUP(TEXT(A6,"0"), inspection_detail_raw!A:BK, 59, FALSE), "알수없음") -> [] | Y6: =VLOOKUP(A6,vehicle_detail!$A$2:$DK$101,78,FALSE) -> ["1005", "1007", "1004", "1010"] | Z6: =VLOOKUP(A6,vehicle_detail!$A$2:$DK$101,80,FALSE) -> ["001", "003", "005", "006", "007", "008", "010", "014", "015", "017", "019", "020", "021", "022", "023", "024", "026", "027", "029", "030", "031", "032", "055", "056", "057", "058", "071", "072", "074", "094", "096", "097"]
A7: 40279299 | B7: =VLOOKUP(A7,vehicle_detail!$A$2:$DK$101,111,FALSE) -> 69부0622 | C7: =VLOOKUP(A7,vehicle_detail!$A$2:$DK$101,101,FALSE) -> 은색 | D7: =VLOOKUP(A7,list_100!$B$2:$P$101,9,FALSE) -> 현대 | E7: =VLOOKUP(A7,list_100!$B$2:$P$101,11,FALSE) -> LF 쏘나타 | F7: =VLOOKUP(A7,list_100!$B$2:$P$101,2,FALSE) -> 2.0 스마트 | G7: =VLOOKUP(A7,list_100!$B$2:$P$101,3,FALSE) -> 스페셜 | H7: =VLOOKUP(A7,list_100!$B$2:$P$101,6,FALSE) -> 2016 | I7: =VLOOKUP(A7,list_100!$B$2:$P$101,7,FALSE) -> 가솔린 | J7: =VLOOKUP(A7,vehicle_detail!$A$2:$DK$101,100,FALSE) -> 중형차 | K7: =VLOOKUP(A7,list_100!$B$2:$P$101,15,FALSE) -> 669 | L7: =VLOOKUP(A7,list_100!$B$2:$P$101,10,FALSE) -> 182436 | M7: =VLOOKUP(A7,list_100!$B$2:$V$101,21,FALSE) -> 201609 | N7: =VLOOKUP(A7,seller_user!$A$2:$Y$101,2,FALSE) -> dnfltnghk92 | O7: =VLOOKUP(A7,seller_user!$A$2:$Y$101,25,FALSE) -> 신윤석 | P7: =VLOOKUP(A7,seller_user!$A$2:$Y$101,3,FALSE) -> [{"companyType": "FIRM", "companyName": "카메이트", "brn": "438-18-00082", "associationCd": 28, "associationName": "경기 자동차매매사업조합", "associationPhoneNumber": "031-242-8940", "certificatedEmployeeNumber": "GC21-05732", "address": {"zipcode": "16602 ", "location": null, "sido": "경기", "sigungu": "수원시 권선구", "eupmyeondong": null, "eupmyeondongEtc": null, "address": "경기 수원시 권선구 권선로 308", "buildingCd": "4111312800100140134000001"}, "contacts": null, "used": true}] | Q7: =VLOOKUP(A7,inspection_detail_raw!A7:BK106,4,FALSE) -> ["IMAGE"] | R7: =IFERROR("https://ci.encar.com"&VLOOKUP(A7,'성능점검 이미지정보'!A:E,2,FALSE),"") -> https://ci.encar.com/carsdata/cars/inspection/40279299_photoPerform1.jpg | S7: =VLOOKUP(A7,inspection_detail_raw!A7:BK106,50,FALSE) -> 0 | T7: =IFERROR(VLOOKUP(TEXT(A7,"0"), inspection_detail_raw!A:BK, 51, FALSE), "알수없음") -> 0 | U7: =IFERROR(VLOOKUP(TEXT(A7,"0"), inspection_detail_raw!A:BK, 52, FALSE), "알수없음") -> 0 | V7: =IFERROR(VLOOKUP(TEXT(A7,"0"), inspection_detail_raw!A:BK, 54, FALSE), "알수없음") -> 0 | W7: =IFERROR(VLOOKUP(TEXT(A7,"0"), inspection_detail_raw!A:BK, 57, FALSE), "알수없음") -> TRUE | X7: =IFERROR(VLOOKUP(TEXT(A7,"0"), inspection_detail_raw!A:BK, 59, FALSE), "알수없음") -> [] | Y7: =VLOOKUP(A7,vehicle_detail!$A$2:$DK$101,78,FALSE) -> [] | Z7: =VLOOKUP(A7,vehicle_detail!$A$2:$DK$101,80,FALSE) -> ["001", "003", "005", "006", "007", "008", "014", "015", "017", "019", "020", "021", "022", "023", "024", "026", "027", "030", "031", "032", "033", "034", "035", "055", "056", "057", "058", "068", "071", "072", "074", "077", "082", "086", "094", "096", "097"]
A8: 41017047 | B8: =VLOOKUP(A8,vehicle_detail!$A$2:$DK$101,111,FALSE) -> 87너0218 | C8: =VLOOKUP(A8,vehicle_detail!$A$2:$DK$101,101,FALSE) -> 은색 | D8: =VLOOKUP(A8,list_100!$B$2:$P$101,9,FALSE) -> 현대 | E8: =VLOOKUP(A8,list_100!$B$2:$P$101,11,FALSE) -> 더 뉴 그랜드 스타렉스 | F8: =VLOOKUP(A8,list_100!$B$2:$P$101,2,FALSE) -> 밴 5인승 | G8: =VLOOKUP(A8,list_100!$B$2:$P$101,3,FALSE) -> 스타일 | H8: =VLOOKUP(A8,list_100!$B$2:$P$101,6,FALSE) -> 2021 | I8: =VLOOKUP(A8,list_100!$B$2:$P$101,7,FALSE) -> 디젤 | J8: =VLOOKUP(A8,vehicle_detail!$A$2:$DK$101,100,FALSE) -> 승합차 | K8: =VLOOKUP(A8,list_100!$B$2:$P$101,15,FALSE) -> 1419 | L8: =VLOOKUP(A8,list_100!$B$2:$P$101,10,FALSE) -> 64214 | M8: =VLOOKUP(A8,list_100!$B$2:$V$101,21,FALSE) -> 202010 | N8: =VLOOKUP(A8,seller_user!$A$2:$Y$101,2,FALSE) -> dnfltnghk92 | O8: =VLOOKUP(A8,seller_user!$A$2:$Y$101,25,FALSE) -> 신윤석 | P8: =VLOOKUP(A8,seller_user!$A$2:$Y$101,3,FALSE) -> [{"companyType": "FIRM", "companyName": "카메이트", "brn": "438-18-00082", "associationCd": 28, "associationName": "경기 자동차매매사업조합", "associationPhoneNumber": "031-242-8940", "certificatedEmployeeNumber": "GC21-05732", "address": {"zipcode": "16602 ", "location": null, "sido": "경기", "sigungu": "수원시 권선구", "eupmyeondong": null, "eupmyeondongEtc": null, "address": "경기 수원시 권선구 권선로 308", "buildingCd": "4111312800100140134000001"}, "contacts": null, "used": true}] | Q8: =VLOOKUP(A8,inspection_detail_raw!A8:BK107,4,FALSE) -> ["IMAGE"] | R8: =IFERROR("https://ci.encar.com"&VLOOKUP(A8,'성능점검 이미지정보'!A:E,2,FALSE),"") -> https://ci.encar.com/carsdata/cars/inspection/41017047_photoPerform1.jpg | S8: =VLOOKUP(A8,inspection_detail_raw!A8:BK107,50,FALSE) -> 0 | T8: =IFERROR(VLOOKUP(TEXT(A8,"0"), inspection_detail_raw!A:BK, 51, FALSE), "알수없음") -> 0 | U8: =IFERROR(VLOOKUP(TEXT(A8,"0"), inspection_detail_raw!A:BK, 52, FALSE), "알수없음") -> 0 | V8: =IFERROR(VLOOKUP(TEXT(A8,"0"), inspection_detail_raw!A:BK, 54, FALSE), "알수없음") -> 0 | W8: =IFERROR(VLOOKUP(TEXT(A8,"0"), inspection_detail_raw!A:BK, 57, FALSE), "알수없음") -> TRUE | X8: =IFERROR(VLOOKUP(TEXT(A8,"0"), inspection_detail_raw!A:BK, 59, FALSE), "알수없음") -> [] | Y8: =VLOOKUP(A8,vehicle_detail!$A$2:$DK$101,78,FALSE) -> ["1009"] | Z8: =VLOOKUP(A8,vehicle_detail!$A$2:$DK$101,80,FALSE) -> ["001", "006", "007", "008", "014", "015", "019", "020", "024", "026", "027", "032", "033", "055", "071", "072"]
A9: 41298024 | B9: =VLOOKUP(A9,vehicle_detail!$A$2:$DK$101,111,FALSE) -> 238루8208 | C9: =VLOOKUP(A9,vehicle_detail!$A$2:$DK$101,101,FALSE) -> 흰색 | D9: =VLOOKUP(A9,list_100!$B$2:$P$101,9,FALSE) -> 현대 | E9: =VLOOKUP(A9,list_100!$B$2:$P$101,11,FALSE) -> 더 뉴 싼타페 | F9: =VLOOKUP(A9,list_100!$B$2:$P$101,2,FALSE) -> 디젤 2.2 2WD | G9: =VLOOKUP(A9,list_100!$B$2:$P$101,3,FALSE) -> 프리미엄 초이스 | H9: =VLOOKUP(A9,list_100!$B$2:$P$101,6,FALSE) -> 2021 | I9: =VLOOKUP(A9,list_100!$B$2:$P$101,7,FALSE) -> 디젤 | J9: =VLOOKUP(A9,vehicle_detail!$A$2:$DK$101,100,FALSE) -> SUV | K9: =VLOOKUP(A9,list_100!$B$2:$P$101,15,FALSE) -> 2180 | L9: =VLOOKUP(A9,list_100!$B$2:$P$101,10,FALSE) -> 117174 | M9: =VLOOKUP(A9,list_100!$B$2:$V$101,21,FALSE) -> 202012 | N9: =VLOOKUP(A9,seller_user!$A$2:$Y$101,2,FALSE) -> dksdudtn9326 | O9: =VLOOKUP(A9,seller_user!$A$2:$Y$101,25,FALSE) -> 안영수 | P9: =VLOOKUP(A9,seller_user!$A$2:$Y$101,3,FALSE) -> [{"companyType": "FIRM", "companyName": "고바우", "brn": "410-86-47910", "associationCd": 7, "associationName": "광주 자동차매매사업조합", "associationPhoneNumber": "062-384-3820", "certificatedEmployeeNumber": "18-062-00501", "address": {"zipcode": "62071 ", "location": null, "sido": "광주", "sigungu": "서구", "eupmyeondong": null, "eupmyeondongEtc": null, "address": "광주 서구 매월1로 48", "buildingCd": "2914013200106210018000001"}, "contacts": null, "used": true}] | Q9: =VLOOKUP(A9,inspection_detail_raw!A9:BK108,4,FALSE) -> ["IMAGE"] | R9: =IFERROR("https://ci.encar.com"&VLOOKUP(A9,'성능점검 이미지정보'!A:E,2,FALSE),"") -> https://ci.encar.com/carsdata/cars/inspection/41298024_I1.jpg | S9: =VLOOKUP(A9,inspection_detail_raw!A9:BK108,50,FALSE) -> 0 | T9: =IFERROR(VLOOKUP(TEXT(A9,"0"), inspection_detail_raw!A:BK, 51, FALSE), "알수없음") -> 0 | U9: =IFERROR(VLOOKUP(TEXT(A9,"0"), inspection_detail_raw!A:BK, 52, FALSE), "알수없음") -> 0 | V9: =IFERROR(VLOOKUP(TEXT(A9,"0"), inspection_detail_raw!A:BK, 54, FALSE), "알수없음") -> 0 | W9: =IFERROR(VLOOKUP(TEXT(A9,"0"), inspection_detail_raw!A:BK, 57, FALSE), "알수없음") -> FALSE | X9: =IFERROR(VLOOKUP(TEXT(A9,"0"), inspection_detail_raw!A:BK, 59, FALSE), "알수없음") -> [] | Y9: =VLOOKUP(A9,vehicle_detail!$A$2:$DK$101,78,FALSE) -> ["1035", "10002"] | Z9: =VLOOKUP(A9,vehicle_detail!$A$2:$DK$101,80,FALSE) -> ["001", "004", "005", "006", "007", "008", "014", "015", "017", "019", "020", "021", "022", "023", "024", "026", "027", "031", "032", "033", "034", "035", "055", "056", "057", "058", "059", "063", "068", "072", "074", "075", "077", "082", "084", "085", "088", "094", "096", "097"]
A10: 39870119 | B10: =VLOOKUP(A10,vehicle_detail!$A$2:$DK$101,111,FALSE) -> 25수3077 | C10: =VLOOKUP(A10,vehicle_detail!$A$2:$DK$101,101,FALSE) -> 검정색 | D10: =VLOOKUP(A10,list_100!$B$2:$P$101,9,FALSE) -> 현대 | E10: =VLOOKUP(A10,list_100!$B$2:$P$101,11,FALSE) -> 그랜저 HG | F10: =VLOOKUP(A10,list_100!$B$2:$P$101,2,FALSE) -> HG300 프라임 | G10: =VLOOKUP(A10,list_100!$B$2:$P$101,3,FALSE) -> 0 | H10: =VLOOKUP(A10,list_100!$B$2:$P$101,6,FALSE) -> 2012 | I10: =VLOOKUP(A10,list_100!$B$2:$P$101,7,FALSE) -> 가솔린 | J10: =VLOOKUP(A10,vehicle_detail!$A$2:$DK$101,100,FALSE) -> 대형차 | K10: =VLOOKUP(A10,list_100!$B$2:$P$101,15,FALSE) -> 550 | L10: =VLOOKUP(A10,list_100!$B$2:$P$101,10,FALSE) -> 123680 | M10: =VLOOKUP(A10,list_100!$B$2:$V$101,21,FALSE) -> 201206 | N10: =VLOOKUP(A10,seller_user!$A$2:$Y$101,2,FALSE) -> dksdudtn9326 | O10: =VLOOKUP(A10,seller_user!$A$2:$Y$101,25,FALSE) -> 안영수 | P10: =VLOOKUP(A10,seller_user!$A$2:$Y$101,3,FALSE) -> [{"companyType": "FIRM", "companyName": "고바우", "brn": "410-86-47910", "associationCd": 7, "associationName": "광주 자동차매매사업조합", "associationPhoneNumber": "062-384-3820", "certificatedEmployeeNumber": "18-062-00501", "address": {"zipcode": "62071 ", "location": null, "sido": "광주", "sigungu": "서구", "eupmyeondong": null, "eupmyeondongEtc": null, "address": "광주 서구 매월1로 48", "buildingCd": "2914013200106210018000001"}, "contacts": null, "used": true}] | Q10: =VLOOKUP(A10,inspection_detail_raw!A10:BK109,4,FALSE) -> ["IMAGE"] | R10: =IFERROR("https://ci.encar.com"&VLOOKUP(A10,'성능점검 이미지정보'!A:E,2,FALSE),"") -> https://ci.encar.com/carsdata/cars/inspection/39870119_I1.jpg | S10: =VLOOKUP(A10,inspection_detail_raw!A10:BK109,50,FALSE) -> 0 | T10: =IFERROR(VLOOKUP(TEXT(A10,"0"), inspection_detail_raw!A:BK, 51, FALSE), "알수없음") -> 0 | U10: =IFERROR(VLOOKUP(TEXT(A10,"0"), inspection_detail_raw!A:BK, 52, FALSE), "알수없음") -> 0 | V10: =IFERROR(VLOOKUP(TEXT(A10,"0"), inspection_detail_raw!A:BK, 54, FALSE), "알수없음") -> 0 | W10: =IFERROR(VLOOKUP(TEXT(A10,"0"), inspection_detail_raw!A:BK, 57, FALSE), "알수없음") -> FALSE | X10: =IFERROR(VLOOKUP(TEXT(A10,"0"), inspection_detail_raw!A:BK, 59, FALSE), "알수없음") -> [] | Y10: =VLOOKUP(A10,vehicle_detail!$A$2:$DK$101,78,FALSE) -> ["1031"] | Z10: =VLOOKUP(A10,vehicle_detail!$A$2:$DK$101,80,FALSE) -> ["001", "003", "004", "005", "006", "007", "008", "014", "015", "017", "019", "020", "021", "022", "023", "024", "026", "027", "030", "031", "032", "033", "034", "035", "055", "056", "057", "058", "063", "068", "071", "072", "074", "077", "082", "085", "096", "097"]
A11: 41326098 | B11: =VLOOKUP(A11,vehicle_detail!$A$2:$DK$101,111,FALSE) -> 358저1935 | C11: =VLOOKUP(A11,vehicle_detail!$A$2:$DK$101,101,FALSE) -> 흰색 | D11: =VLOOKUP(A11,list_100!$B$2:$P$101,9,FALSE) -> 현대 | E11: =VLOOKUP(A11,list_100!$B$2:$P$101,11,FALSE) -> 아반떼 (CN7) | F11: =VLOOKUP(A11,list_100!$B$2:$P$101,2,FALSE) -> 1.6 LPi (렌터카) | G11: =VLOOKUP(A11,list_100!$B$2:$P$101,3,FALSE) -> 스마트 | H11: =VLOOKUP(A11,list_100!$B$2:$P$101,6,FALSE) -> 2023 | I11: =VLOOKUP(A11,list_100!$B$2:$P$101,7,FALSE) -> LPG(일반인 구입) | J11: =VLOOKUP(A11,vehicle_detail!$A$2:$DK$101,100,FALSE) -> 준중형차 | K11: =VLOOKUP(A11,list_100!$B$2:$P$101,15,FALSE) -> 1099 | L11: =VLOOKUP(A11,list_100!$B$2:$P$101,10,FALSE) -> 90742 | M11: =VLOOKUP(A11,list_100!$B$2:$V$101,21,FALSE) -> 202205 | N11: =VLOOKUP(A11,seller_user!$A$2:$Y$101,2,FALSE) -> dnfltnghk92 | O11: =VLOOKUP(A11,seller_user!$A$2:$Y$101,25,FALSE) -> 신윤석 | P11: =VLOOKUP(A11,seller_user!$A$2:$Y$101,3,FALSE) -> [{"companyType": "FIRM", "companyName": "카메이트", "brn": "438-18-00082", "associationCd": 28, "associationName": "경기 자동차매매사업조합", "associationPhoneNumber": "031-242-8940", "certificatedEmployeeNumber": "GC21-05732", "address": {"zipcode": "16602 ", "location": null, "sido": "경기", "sigungu": "수원시 권선구", "eupmyeondong": null, "eupmyeondongEtc": null, "address": "경기 수원시 권선구 권선로 308", "buildingCd": "4111312800100140134000001"}, "contacts": null, "used": true}] | Q11: =VLOOKUP(A11,inspection_detail_raw!A11:BK110,4,FALSE) -> ["IMAGE"] | R11: =IFERROR("https://ci.encar.com"&VLOOKUP(A11,'성능점검 이미지정보'!A:E,2,FALSE),"") -> https://ci.encar.com/carsdata/cars/inspection/41326098_photoPerform1.jpg | S11: =VLOOKUP(A11,inspection_detail_raw!A11:BK110,50,FALSE) -> 0 | T11: =IFERROR(VLOOKUP(TEXT(A11,"0"), inspection_detail_raw!A:BK, 51, FALSE), "알수없음") -> 0 | U11: =IFERROR(VLOOKUP(TEXT(A11,"0"), inspection_detail_raw!A:BK, 52, FALSE), "알수없음") -> 0 | V11: =IFERROR(VLOOKUP(TEXT(A11,"0"), inspection_detail_raw!A:BK, 54, FALSE), "알수없음") -> 0 | W11: =IFERROR(VLOOKUP(TEXT(A11,"0"), inspection_detail_raw!A:BK, 57, FALSE), "알수없음") -> TRUE | X11: =IFERROR(VLOOKUP(TEXT(A11,"0"), inspection_detail_raw!A:BK, 59, FALSE), "알수없음") -> [] | Y11: =VLOOKUP(A11,vehicle_detail!$A$2:$DK$101,78,FALSE) -> ["1045"] | Z11: =VLOOKUP(A11,vehicle_detail!$A$2:$DK$101,80,FALSE) -> ["001", "004", "006", "007", "008", "014", "015", "017", "019", "020", "022", "024", "026", "027", "030", "031", "032", "033", "055", "056", "057", "058", "068", "072", "074", "088", "096", "097"]
A12: 41307028 | B12: =VLOOKUP(A12,vehicle_detail!$A$2:$DK$101,111,FALSE) -> 03어9563 | C12: =VLOOKUP(A12,vehicle_detail!$A$2:$DK$101,101,FALSE) -> 흰색 | D12: =VLOOKUP(A12,list_100!$B$2:$P$101,9,FALSE) -> 현대 | E12: =VLOOKUP(A12,list_100!$B$2:$P$101,11,FALSE) -> 쏘나타 뉴 라이즈 | F12: =VLOOKUP(A12,list_100!$B$2:$P$101,2,FALSE) -> LPI 프리미엄 | G12: =VLOOKUP(A12,list_100!$B$2:$P$101,3,FALSE) -> 0 | H12: =VLOOKUP(A12,list_100!$B$2:$P$101,6,FALSE) -> 2018 | I12: =VLOOKUP(A12,list_100!$B$2:$P$101,7,FALSE) -> LPG(일반인 구입) | J12: =VLOOKUP(A12,vehicle_detail!$A$2:$DK$101,100,FALSE) -> 중형차 | K12: =VLOOKUP(A12,list_100!$B$2:$P$101,15,FALSE) -> 1200 | L12: =VLOOKUP(A12,list_100!$B$2:$P$101,10,FALSE) -> 137276 | M12: =VLOOKUP(A12,list_100!$B$2:$V$101,21,FALSE) -> 201707 | N12: =VLOOKUP(A12,seller_user!$A$2:$Y$101,2,FALSE) -> dksdudtn9326 | O12: =VLOOKUP(A12,seller_user!$A$2:$Y$101,25,FALSE) -> 안영수 | P12: =VLOOKUP(A12,seller_user!$A$2:$Y$101,3,FALSE) -> [{"companyType": "FIRM", "companyName": "고바우", "brn": "410-86-47910", "associationCd": 7, "associationName": "광주 자동차매매사업조합", "associationPhoneNumber": "062-384-3820", "certificatedEmployeeNumber": "18-062-00501", "address": {"zipcode": "62071 ", "location": null, "sido": "광주", "sigungu": "서구", "eupmyeondong": null, "eupmyeondongEtc": null, "address": "광주 서구 매월1로 48", "buildingCd": "2914013200106210018000001"}, "contacts": null, "used": true}] | Q12: =VLOOKUP(A12,inspection_detail_raw!A12:BK111,4,FALSE) -> ["IMAGE"] | R12: =IFERROR("https://ci.encar.com"&VLOOKUP(A12,'성능점검 이미지정보'!A:E,2,FALSE),"") -> https://ci.encar.com/carsdata/cars/inspection/41307028_I1.jpg | S12: =VLOOKUP(A12,inspection_detail_raw!A12:BK111,50,FALSE) -> 0 | T12: =IFERROR(VLOOKUP(TEXT(A12,"0"), inspection_detail_raw!A:BK, 51, FALSE), "알수없음") -> 0 | U12: =IFERROR(VLOOKUP(TEXT(A12,"0"), inspection_detail_raw!A:BK, 52, FALSE), "알수없음") -> 0 | V12: =IFERROR(VLOOKUP(TEXT(A12,"0"), inspection_detail_raw!A:BK, 54, FALSE), "알수없음") -> 0 | W12: =IFERROR(VLOOKUP(TEXT(A12,"0"), inspection_detail_raw!A:BK, 57, FALSE), "알수없음") -> TRUE | X12: =IFERROR(VLOOKUP(TEXT(A12,"0"), inspection_detail_raw!A:BK, 59, FALSE), "알수없음") -> [] | Y12: =VLOOKUP(A12,vehicle_detail!$A$2:$DK$101,78,FALSE) -> [] | Z12: =VLOOKUP(A12,vehicle_detail!$A$2:$DK$101,80,FALSE) -> ["001", "004", "006", "007", "008", "014", "015", "017", "019", "020", "021", "022", "023", "024", "026", "027", "030", "031", "032", "033", "034", "035", "051", "055", "056", "057", "058", "063", "068", "071", "072", "074", "077", "082", "087", "094", "096", "097"]
A13: 41376170 | B13: =VLOOKUP(A13,vehicle_detail!$A$2:$DK$101,111,FALSE) -> 320머9540 | C13: =VLOOKUP(A13,vehicle_detail!$A$2:$DK$101,101,FALSE) -> 검정색 | D13: =VLOOKUP(A13,list_100!$B$2:$P$101,9,FALSE) -> 현대 | E13: =VLOOKUP(A13,list_100!$B$2:$P$101,11,FALSE) -> 쏘나타 (DN8) | F13: =VLOOKUP(A13,list_100!$B$2:$P$101,2,FALSE) -> 2.0 | G13: =VLOOKUP(A13,list_100!$B$2:$P$101,3,FALSE) -> 프리미엄 | H13: =VLOOKUP(A13,list_100!$B$2:$P$101,6,FALSE) -> 2020 | I13: =VLOOKUP(A13,list_100!$B$2:$P$101,7,FALSE) -> 가솔린 | J13: =VLOOKUP(A13,vehicle_detail!$A$2:$DK$101,100,FALSE) -> 중형차 | K13: =VLOOKUP(A13,list_100!$B$2:$P$101,15,FALSE) -> 1199 | L13: =VLOOKUP(A13,list_100!$B$2:$P$101,10,FALSE) -> 131174 | M13: =VLOOKUP(A13,list_100!$B$2:$V$101,21,FALSE) -> 201911 | N13: =VLOOKUP(A13,seller_user!$A$2:$Y$101,2,FALSE) -> dnfltnghk92 | O13: =VLOOKUP(A13,seller_user!$A$2:$Y$101,25,FALSE) -> 신윤석 | P13: =VLOOKUP(A13,seller_user!$A$2:$Y$101,3,FALSE) -> [{"companyType": "FIRM", "companyName": "카메이트", "brn": "438-18-00082", "associationCd": 28, "associationName": "경기 자동차매매사업조합", "associationPhoneNumber": "031-242-8940", "certificatedEmployeeNumber": "GC21-05732", "address": {"zipcode": "16602 ", "location": null, "sido": "경기", "sigungu": "수원시 권선구", "eupmyeondong": null, "eupmyeondongEtc": null, "address": "경기 수원시 권선구 권선로 308", "buildingCd": "4111312800100140134000001"}, "contacts": null, "used": true}] | Q13: =VLOOKUP(A13,inspection_detail_raw!A13:BK112,4,FALSE) -> ["IMAGE"] | R13: =IFERROR("https://ci.encar.com"&VLOOKUP(A13,'성능점검 이미지정보'!A:E,2,FALSE),"") -> https://ci.encar.com/carsdata/cars/inspection/41376170_photoPerform1.jpg | S13: =VLOOKUP(A13,inspection_detail_raw!A13:BK112,50,FALSE) -> 0 | T13: =IFERROR(VLOOKUP(TEXT(A13,"0"), inspection_detail_raw!A:BK, 51, FALSE), "알수없음") -> 0 | U13: =IFERROR(VLOOKUP(TEXT(A13,"0"), inspection_detail_raw!A:BK, 52, FALSE), "알수없음") -> 0 | V13: =IFERROR(VLOOKUP(TEXT(A13,"0"), inspection_detail_raw!A:BK, 54, FALSE), "알수없음") -> 0 | W13: =IFERROR(VLOOKUP(TEXT(A13,"0"), inspection_detail_raw!A:BK, 57, FALSE), "알수없음") -> TRUE | X13: =IFERROR(VLOOKUP(TEXT(A13,"0"), inspection_detail_raw!A:BK, 59, FALSE), "알수없음") -> [] | Y13: =VLOOKUP(A13,vehicle_detail!$A$2:$DK$101,78,FALSE) -> ["10004"] | Z13: =VLOOKUP(A13,vehicle_detail!$A$2:$DK$101,80,FALSE) -> ["001", "004", "005", "006", "007", "008", "014", "015", "017", "019", "020", "021", "022", "023", "024", "026", "027", "030", "031", "032", "033", "055", "056", "057", "058", "068", "072", "074", "075", "082", "084", "088", "094", "096", "097"]
A14: 41381376 | B14: =VLOOKUP(A14,vehicle_detail!$A$2:$DK$101,111,FALSE) -> 129부2816 | C14: =VLOOKUP(A14,vehicle_detail!$A$2:$DK$101,101,FALSE) -> 흰색 | D14: =VLOOKUP(A14,list_100!$B$2:$P$101,9,FALSE) -> 현대 | E14: =VLOOKUP(A14,list_100!$B$2:$P$101,11,FALSE) -> 쏘나타 뉴 라이즈 | F14: =VLOOKUP(A14,list_100!$B$2:$P$101,2,FALSE) -> 2.0 스타일 | G14: =VLOOKUP(A14,list_100!$B$2:$P$101,3,FALSE) -> 0 | H14: =VLOOKUP(A14,list_100!$B$2:$P$101,6,FALSE) -> 2019 | I14: =VLOOKUP(A14,list_100!$B$2:$P$101,7,FALSE) -> 가솔린 | J14: =VLOOKUP(A14,vehicle_detail!$A$2:$DK$101,100,FALSE) -> 중형차 | K14: =VLOOKUP(A14,list_100!$B$2:$P$101,15,FALSE) -> 709 | L14: =VLOOKUP(A14,list_100!$B$2:$P$101,10,FALSE) -> 120207 | M14: =VLOOKUP(A14,list_100!$B$2:$V$101,21,FALSE) -> 201810 | N14: =VLOOKUP(A14,seller_user!$A$2:$Y$101,2,FALSE) -> dnfltnghk92 | O14: =VLOOKUP(A14,seller_user!$A$2:$Y$101,25,FALSE) -> 신윤석 | P14: =VLOOKUP(A14,seller_user!$A$2:$Y$101,3,FALSE) -> [{"companyType": "FIRM", "companyName": "카메이트", "brn": "438-18-00082", "associationCd": 28, "associationName": "경기 자동차매매사업조합", "associationPhoneNumber": "031-242-8940", "certificatedEmployeeNumber": "GC21-05732", "address": {"zipcode": "16602 ", "location": null, "sido": "경기", "sigungu": "수원시 권선구", "eupmyeondong": null, "eupmyeondongEtc": null, "address": "경기 수원시 권선구 권선로 308", "buildingCd": "4111312800100140134000001"}, "contacts": null, "used": true}] | Q14: =VLOOKUP(A14,inspection_detail_raw!A14:BK113,4,FALSE) -> ["IMAGE"] | R14: =IFERROR("https://ci.encar.com"&VLOOKUP(A14,'성능점검 이미지정보'!A:E,2,FALSE),"") -> https://ci.encar.com/carsdata/cars/inspection/41381376_photoPerform1.jpg | S14: =VLOOKUP(A14,inspection_detail_raw!A14:BK113,50,FALSE) -> 0 | T14: =IFERROR(VLOOKUP(TEXT(A14,"0"), inspection_detail_raw!A:BK, 51, FALSE), "알수없음") -> 0 | U14: =IFERROR(VLOOKUP(TEXT(A14,"0"), inspection_detail_raw!A:BK, 52, FALSE), "알수없음") -> 0 | V14: =IFERROR(VLOOKUP(TEXT(A14,"0"), inspection_detail_raw!A:BK, 54, FALSE), "알수없음") -> 0 | W14: =IFERROR(VLOOKUP(TEXT(A14,"0"), inspection_detail_raw!A:BK, 57, FALSE), "알수없음") -> TRUE | X14: =IFERROR(VLOOKUP(TEXT(A14,"0"), inspection_detail_raw!A:BK, 59, FALSE), "알수없음") -> [] | Y14: =VLOOKUP(A14,vehicle_detail!$A$2:$DK$101,78,FALSE) -> [] | Z14: =VLOOKUP(A14,vehicle_detail!$A$2:$DK$101,80,FALSE) -> ["001", "006", "007", "008", "014", "015", "017", "019", "020", "022", "024", "026", "027", "031", "032", "033", "055", "056", "058", "071", "072", "096"]
... A29: 41398674 | B29: =VLOOKUP(A29,vehicle_detail!$A$2:$DK$101,111,FALSE) -> 11서0515 | C29: =VLOOKUP(A29,vehicle_detail!$A$2:$DK$101,101,FALSE) -> 은색 | D29: =VLOOKUP(A29,list_100!$B$2:$P$101,9,FALSE) -> 현대 | E29: =VLOOKUP(A29,list_100!$B$2:$P$101,11,FALSE) -> 싼타페 DM | F29: =VLOOKUP(A29,list_100!$B$2:$P$101,2,FALSE) -> 디젤(e-VGT) 2.0 2WD 모던 | G29: =VLOOKUP(A29,list_100!$B$2:$P$101,3,FALSE) -> 0 | H29: =VLOOKUP(A29,list_100!$B$2:$P$101,6,FALSE) -> 2015 | I29: =VLOOKUP(A29,list_100!$B$2:$P$101,7,FALSE) -> 디젤 | J29: =VLOOKUP(A29,vehicle_detail!$A$2:$DK$101,100,FALSE) -> SUV | K29: =VLOOKUP(A29,list_100!$B$2:$P$101,15,FALSE) -> 870 | L29: =VLOOKUP(A29,list_100!$B$2:$P$101,10,FALSE) -> 140796 | M29: =VLOOKUP(A29,list_100!$B$2:$V$101,21,FALSE) -> 201504 | N29: =VLOOKUP(A29,seller_user!$A$2:$Y$101,2,FALSE) -> gold99 | O29: =VLOOKUP(A29,seller_user!$A$2:$Y$101,25,FALSE) -> 방성희 | P29: =VLOOKUP(A29,seller_user!$A$2:$Y$101,3,FALSE) -> [{"companyType": "FIRM", "companyName": "조이 모터스", "brn": "122-38-50384", "associationCd": 11, "associationName": "충남 자동차매매사업조합", "associationPhoneNumber": "041-572-8444", "certificatedEmployeeNumber": "23-041-00110", "address": {"zipcode": "31074 ", "location": null, "sido": "충남", "sigungu": "천안시 서북구", "eupmyeondong": null, "eupmyeondongEtc": null, "address": "충남 천안시 서북구", "buildingCd": "4413310500103350001040409"}, "contacts": null, "used": true}] | Q29: =VLOOKUP(A29,inspection_detail_raw!A29:BK128,4,FALSE) -> ["TABLE"] | R29: =IFERROR("https://ci.encar.com"&VLOOKUP(A29,'성능점검 이미지정보'!A:E,2,FALSE),"") | S29: =VLOOKUP(A29,inspection_detail_raw!A29:BK128,50,FALSE) -> [{"code": "1", "title": "렌트"}] | T29: =IFERROR(VLOOKUP(TEXT(A29,"0"), inspection_detail_raw!A:BK, 51, FALSE), "알수없음") -> 20260402 | U29: =IFERROR(VLOOKUP(TEXT(A29,"0"), inspection_detail_raw!A:BK, 52, FALSE), "알수없음") -> 20240403 | V29: =IFERROR(VLOOKUP(TEXT(A29,"0"), inspection_detail_raw!A:BK, 54, FALSE), "알수없음") -> KMHSU81UBFU492918 | W29: =IFERROR(VLOOKUP(TEXT(A29,"0"), inspection_detail_raw!A:BK, 57, FALSE), "알수없음") -> TRUE | X29: =IFERROR(VLOOKUP(TEXT(A29,"0"), inspection_detail_raw!A:BK, 59, FALSE), "알수없음") -> [{"type": {"code": "P062", "title": "쿼터 패널(우)"}, "statusTypes": [{"code": "X", "title": "교환(교체)"}], "attributes": ["RANK_TWO"]}] | Y29: =VLOOKUP(A29,vehicle_detail!$A$2:$DK$101,78,FALSE) -> ["1042", "1040", "1043"] | Z29: =VLOOKUP(A29,vehicle_detail!$A$2:$DK$101,80,FALSE) -> ["001", "003", "004", "005", "006", "007", "008", "014", "015", "017", "019", "020", "021", "022", "023", "024", "026", "027", "030", "031", "032", "033", "055", "056", "057", "058", "063", "068", "071", "072", "074", "082", "096", "097"]
A30: 41130226 | B30: =VLOOKUP(A30,vehicle_detail!$A$2:$DK$101,111,FALSE) -> 243구5409 | C30: =VLOOKUP(A30,vehicle_detail!$A$2:$DK$101,101,FALSE) -> 쥐색 | D30: =VLOOKUP(A30,list_100!$B$2:$P$101,9,FALSE) -> 현대 | E30: =VLOOKUP(A30,list_100!$B$2:$P$101,11,FALSE) -> 싼타페 TM | F30: =VLOOKUP(A30,list_100!$B$2:$P$101,2,FALSE) -> 가솔린 2.0T 2WD | G30: =VLOOKUP(A30,list_100!$B$2:$P$101,3,FALSE) -> 익스클루시브 | H30: =VLOOKUP(A30,list_100!$B$2:$P$101,6,FALSE) -> 2020 | I30: =VLOOKUP(A30,list_100!$B$2:$P$101,7,FALSE) -> 가솔린 | J30: =VLOOKUP(A30,vehicle_detail!$A$2:$DK$101,100,FALSE) -> SUV | K30: =VLOOKUP(A30,list_100!$B$2:$P$101,15,FALSE) -> 2060 | L30: =VLOOKUP(A30,list_100!$B$2:$P$101,10,FALSE) -> 96517 | M30: =VLOOKUP(A30,list_100!$B$2:$V$101,21,FALSE) -> 202006 | N30: =VLOOKUP(A30,seller_user!$A$2:$Y$101,2,FALSE) -> kcardgbyw | O30: =VLOOKUP(A30,seller_user!$A$2:$Y$101,25,FALSE) -> 김병훈 | P30: =VLOOKUP(A30,seller_user!$A$2:$Y$101,3,FALSE) -> [{"companyType": "FIRM", "companyName": "오토플러스(주)", "brn": "105-86-06429", "associationCd": 3, "associationName": "대구 자동차매매사업조합", "associationPhoneNumber": "053-341-7788", "certificatedEmployeeNumber": "2305300328", "address": {"zipcode": "41081 ", "location": null, "sido": "대구", "sigungu": "동구", "eupmyeondong": null, "eupmyeondongEtc": null, "address": "대구 동구", "buildingCd": "2714012300103010001033011"}, "contacts": null, "used": true}] | Q30: =VLOOKUP(A30,inspection_detail_raw!A30:BK129,4,FALSE) -> ["TABLE"] | R30: =IFERROR("https://ci.encar.com"&VLOOKUP(A30,'성능점검 이미지정보'!A:E,2,FALSE),"") | S30: =IFERROR(VLOOKUP(TEXT(A30,"0"), inspection_detail_raw!A:BK, 50, FALSE), "알수없음") -> [] | T30: =IFERROR(VLOOKUP(TEXT(A30,"0"), inspection_detail_raw!A:BK, 51, FALSE), "알수없음") -> 20260608 | U30: =IFERROR(VLOOKUP(TEXT(A30,"0"), inspection_detail_raw!A:BK, 52, FALSE), "알수없음") -> 20240609 | V30: =IFERROR(VLOOKUP(TEXT(A30,"0"), inspection_detail_raw!A:BK, 54, FALSE), "알수없음") -> KMHS281ABLU298577 | W30: =IFERROR(VLOOKUP(TEXT(A30,"0"), inspection_detail_raw!A:BK, 57, FALSE), "알수없음") -> FALSE | X30: =IFERROR(VLOOKUP(TEXT(A30,"0"), inspection_detail_raw!A:BK, 59, FALSE), "알수없음") -> [] | Y30: =VLOOKUP(A30,vehicle_detail!$A$2:$DK$101,78,FALSE) -> ["10001"] | Z30: =VLOOKUP(A30,vehicle_detail!$A$2:$DK$101,80,FALSE) -> ["001", "004", "005", "006", "007", "008", "014", "015", "017", "019", "020", "021", "022", "023", "024", "026", "027", "030", "031", "032", "033", "034", "055", "056", "057", "058", "059", "062", "063", "072", "074", "077", "079", "082", "085", "088", "094", "096", "097"]
A31: 40988766 | B31: =VLOOKUP(A31,vehicle_detail!$A$2:$DK$101,111,FALSE) -> 27가3348 | C31: =VLOOKUP(A31,vehicle_detail!$A$2:$DK$101,101,FALSE) -> 검정색 | D31: =VLOOKUP(A31,list_100!$B$2:$P$101,9,FALSE) -> 현대 | E31: =VLOOKUP(A31,list_100!$B$2:$P$101,11,FALSE) -> 그랜저 HG 하이브리드 | F31: =VLOOKUP(A31,list_100!$B$2:$P$101,2,FALSE) -> 프리미엄 | G31: =VLOOKUP(A31,list_100!$B$2:$P$101,3,FALSE) -> 0 | H31: =VLOOKUP(A31,list_100!$B$2:$P$101,6,FALSE) -> 2015 | I31: =VLOOKUP(A31,list_100!$B$2:$P$101,7,FALSE) -> 가솔린+전기 | J31: =VLOOKUP(A31,vehicle_detail!$A$2:$DK$101,100,FALSE) -> 대형차 | K31: =VLOOKUP(A31,list_100!$B$2:$P$101,15,FALSE) -> 649 | L31: =VLOOKUP(A31,list_100!$B$2:$P$101,10,FALSE) -> 191302 | M31: =VLOOKUP(A31,list_100!$B$2:$V$101,21,FALSE) -> 201409 | N31: =VLOOKUP(A31,seller_user!$A$2:$Y$101,2,FALSE) -> nobility4569 | O31: =VLOOKUP(A31,seller_user!$A$2:$Y$101,25,FALSE) -> 박효진 | P31: =VLOOKUP(A31,seller_user!$A$2:$Y$101,3,FALSE) -> [{"companyType": "FIRM", "companyName": "그차는내차", "brn": "130-48-00545", "associationCd": 23, "associationName": "대구연합 자동차매매사업조합", "associationPhoneNumber": "053-584-9900", "certificatedEmployeeNumber": "DG19-00889", "address": {"zipcode": "41752 ", "location": null, "sido": "대구", "sigungu": "서구", "eupmyeondong": null, "eupmyeondongEtc": null, "address": "대구 서구 문화로 37", "buildingCd": "2717010600100420030000001"}, "contacts": null, "used": true}] | Q31: =VLOOKUP(A31,inspection_detail_raw!A31:BK130,4,FALSE) -> ["TABLE"] | R31: =IFERROR("https://ci.encar.com"&VLOOKUP(A31,'성능점검 이미지정보'!A:E,2,FALSE),"") | S31: =VLOOKUP(A31,inspection_detail_raw!A31:BK130,50,FALSE) -> [] | T31: =IFERROR(VLOOKUP(TEXT(A31,"0"), inspection_detail_raw!A:BK, 51, FALSE), "알수없음") -> 20260918 | U31: =IFERROR(VLOOKUP(TEXT(A31,"0"), inspection_detail_raw!A:BK, 52, FALSE), "알수없음") -> 20240919 | V31: =IFERROR(VLOOKUP(TEXT(A31,"0"), inspection_detail_raw!A:BK, 54, FALSE), "알수없음") -> KMHFG413BFA009859 | W31: =IFERROR(VLOOKUP(TEXT(A31,"0"), inspection_detail_raw!A:BK, 57, FALSE), "알수없음") -> TRUE | X31: =IFERROR(VLOOKUP(TEXT(A31,"0"), inspection_detail_raw!A:BK, 59, FALSE), "알수없음") -> [{"type": {"code": "P062", "title": "쿼터 패널(우)"}, "statusTypes": [{"code": "W", "title": "판금/용접"}], "attributes": ["RANK_TWO"]}] | Y31: =VLOOKUP(A31,vehicle_detail!$A$2:$DK$101,78,FALSE) -> ["1004", "1008"] | Z31: =VLOOKUP(A31,vehicle_detail!$A$2:$DK$101,80,FALSE) -> ["001", "003", "004", "005", "006", "007", "008", "014", "015", "017", "019", "020", "021", "022", "023", "024", "026", "027", "030", "031", "032", "033", "034", "035", "051", "055", "056", "057", "058", "063", "068", "071", "072", "074", "077", "082", "085", "094", "096", "097"]
A32: 41388391 | B32: =VLOOKUP(A32,vehicle_detail!$A$2:$DK$101,111,FALSE) -> 105마5870 | C32: =VLOOKUP(A32,vehicle_detail!$A$2:$DK$101,101,FALSE) -> 쥐색 | D32: =VLOOKUP(A32,list_100!$B$2:$P$101,9,FALSE) -> 현대 | E32: =VLOOKUP(A32,list_100!$B$2:$P$101,11,FALSE) -> 그랜저 IG | F32: =VLOOKUP(A32,list_100!$B$2:$P$101,2,FALSE) -> 3.0 LPi 익스클루시브 (렌터카) | G32: =VLOOKUP(A32,list_100!$B$2:$P$101,3,FALSE) -> 0 | H32: =VLOOKUP(A32,list_100!$B$2:$P$101,6,FALSE) -> 2017 | I32: =VLOOKUP(A32,list_100!$B$2:$P$101,7,FALSE) -> LPG(일반인 구입) | J32: =VLOOKUP(A32,vehicle_detail!$A$2:$DK$101,100,FALSE) -> 대형차 | K32: =VLOOKUP(A32,list_100!$B$2:$P$101,15,FALSE) -> 1259 | L32: =VLOOKUP(A32,list_100!$B$2:$P$101,10,FALSE) -> 184927 | M32: =VLOOKUP(A32,list_100!$B$2:$V$101,21,FALSE) -> 201702 | N32: =VLOOKUP(A32,seller_user!$A$2:$Y$101,2,FALSE) -> tankdotcom | O32: =VLOOKUP(A32,seller_user!$A$2:$Y$101,25,FALSE) -> 강현진 | P32: =VLOOKUP(A32,seller_user!$A$2:$Y$101,3,FALSE) -> [{"companyType": "FIRM", "companyName": "미소모터스", "brn": "531-25-01637", "associationCd": 0, "associationName": "서울 자동차매매사업조합", "associationPhoneNumber": "02-847-3448", "certificatedEmployeeNumber": "SE23-00659", "address": {"zipcode": "07909 ", "location": null, "sido": "서울", "sigungu": "양천구", "eupmyeondong": null, "eupmyeondongEtc": null, "address": "서울 양천구", "buildingCd": "1147010300100390001012768"}, "contacts": null, "used": true}] | Q32: =VLOOKUP(A32,inspection_detail_raw!A32:BK131,4,FALSE) -> ["TABLE"] | R32: =IFERROR("https://ci.encar.com"&VLOOKUP(A32,'성능점검 이미지정보'!A:E,2,FALSE),"") | S32: =VLOOKUP(A32,inspection_detail_raw!A32:BK131,50,FALSE) -> [{"code": "1", "title": "렌트"}] | T32: =IFERROR(VLOOKUP(TEXT(A32,"0"), inspection_detail_raw!A:BK, 51, FALSE), "알수없음") -> 20270331 | U32: =IFERROR(VLOOKUP(TEXT(A32,"0"), inspection_detail_raw!A:BK, 52, FALSE), "알수없음") -> 20250401 | V32: =IFERROR(VLOOKUP(TEXT(A32,"0"), inspection_detail_raw!A:BK, 54, FALSE), "알수없음") -> KMHF641NBHA030476 | W32: =IFERROR(VLOOKUP(TEXT(A32,"0"), inspection_detail_raw!A:BK, 57, FALSE), "알수없음") -> FALSE | X32: =IFERROR(VLOOKUP(TEXT(A32,"0"), inspection_detail_raw!A:BK, 59, FALSE), "알수없음") -> [] | Y32: =VLOOKUP(A32,vehicle_detail!$A$2:$DK$101,78,FALSE) -> [] | Z32: =VLOOKUP(A32,vehicle_detail!$A$2:$DK$101,80,FALSE) -> ["001", "004", "005", "006", "007", "008", "010", "014", "015", "017", "019", "020", "021", "022", "023", "024", "026", "027", "030", "031", "032", "033", "034", "035", "051", "055", "056", "057", "058", "063", "068", "071", "072", "074", "075", "077", "081", "082", "083", "085", "087", "092", "093", "094", "095", "096", "097"]
A33: 41369527 | B33: =VLOOKUP(A33,vehicle_detail!$A$2:$DK$101,111,FALSE) -> 333버6671 | C33: =VLOOKUP(A33,vehicle_detail!$A$2:$DK$101,101,FALSE) -> 연두색 | D33: =VLOOKUP(A33,list_100!$B$2:$P$101,9,FALSE) -> 현대 | E33: =VLOOKUP(A33,list_100!$B$2:$P$101,11,FALSE) -> 캐스퍼 | F33: =VLOOKUP(A33,list_100!$B$2:$P$101,2,FALSE) -> 밴 | G33: =VLOOKUP(A33,list_100!$B$2:$P$101,3,FALSE) -> 스마트 | H33: =VLOOKUP(A33,list_100!$B$2:$P$101,6,FALSE) -> 2023 | I33: =VLOOKUP(A33,list_100!$B$2:$P$101,7,FALSE) -> 가솔린 | J33: =VLOOKUP(A33,vehicle_detail!$A$2:$DK$101,100,FALSE) -> 경차 | K33: =VLOOKUP(A33,list_100!$B$2:$P$101,15,FALSE) -> 1390 | L33: =VLOOKUP(A33,list_100!$B$2:$P$101,10,FALSE) -> 9473 | M33: =VLOOKUP(A33,list_100!$B$2:$V$101,21,FALSE) -> 202203 | N33: =VLOOKUP(A33,seller_user!$A$2:$Y$101,2,FALSE) -> ef9550 | O33: =VLOOKUP(A33,seller_user!$A$2:$Y$101,25,FALSE) -> 김동호 | P33: =VLOOKUP(A33,seller_user!$A$2:$Y$101,3,FALSE) -> [{"companyType": "FIRM", "companyName": "디에이치모터스", "brn": "479-60-00627", "associationCd": 27, "associationName": "인천엠파크 자동차매매사업조합", "associationPhoneNumber": "032-715-5533", "certificatedEmployeeNumber": "IM23-00493", "address": {"zipcode": "22836 ", "location": null, "sido": "인천", "sigungu": "서구", "eupmyeondong": null, "eupmyeondongEtc": null, "address": "인천 서구", "buildingCd": "2826011200101500019000001"}, "contacts": null, "used": true}] | Q33: =VLOOKUP(A33,inspection_detail_raw!A33:BK132,4,FALSE) -> ["TABLE"] | R33: =IFERROR("https://ci.encar.com"&VLOOKUP(A33,'성능점검 이미지정보'!A:E,2,FALSE),"") -> https://ci.encar.com/carsdata/cars/inspection/41369527_photoFront.jpg | S33: =VLOOKUP(A33,inspection_detail_raw!A33:BK132,50,FALSE) -> [{"code": "1", "title": "렌트"}] | T33: =IFERROR(VLOOKUP(TEXT(A33,"0"), inspection_detail_raw!A:BK, 51, FALSE), "알수없음") -> 20270322 | U33: =IFERROR(VLOOKUP(TEXT(A33,"0"), inspection_detail_raw!A:BK, 52, FALSE), "알수없음") -> 20260323 | V33: =IFERROR(VLOOKUP(TEXT(A33,"0"), inspection_detail_raw!A:BK, 54, FALSE), "알수없음") -> KMHB3918BPW020416 | W33: =IFERROR(VLOOKUP(TEXT(A33,"0"), inspection_detail_raw!A:BK, 57, FALSE), "알수없음") -> FALSE | X33: =IFERROR(VLOOKUP(TEXT(A33,"0"), inspection_detail_raw!A:BK, 59, FALSE), "알수없음") -> [] | Y33: =VLOOKUP(A33,vehicle_detail!$A$2:$DK$101,78,FALSE) -> ["1003", "1004"] | Z33: =VLOOKUP(A33,vehicle_detail!$A$2:$DK$101,80,FALSE) -> ["001", "006", "007", "008", "014", "015", "019", "020", "022", "024", "026", "027", "031", "032", "033", "034", "055", "056", "068", "072", "074", "082", "088", "096", "097"]
A34: 41390598 | B34: =VLOOKUP(A34,vehicle_detail!$A$2:$DK$101,111,FALSE) -> 204러4689 | C34: =VLOOKUP(A34,vehicle_detail!$A$2:$DK$101,101,FALSE) -> 검정색 | D34: =VLOOKUP(A34,list_100!$B$2:$P$101,9,FALSE) -> 현대 | E34: =VLOOKUP(A34,list_100!$B$2:$P$101,11,FALSE) -> 팰리세이드 | F34: =VLOOKUP(A34,list_100!$B$2:$P$101,2,FALSE) -> 디젤 2.2 4WD | G34: =VLOOKUP(A34,list_100!$B$2:$P$101,3,FALSE) -> 프레스티지 | H34: =VLOOKUP(A34,list_100!$B$2:$P$101,6,FALSE) -> 2021 | I34: =VLOOKUP(A34,list_100!$B$2:$P$101,7,FALSE) -> 디젤 | J34: =VLOOKUP(A34,vehicle_detail!$A$2:$DK$101,100,FALSE) -> SUV | K34: =VLOOKUP(A34,list_100!$B$2:$P$101,15,FALSE) -> 2950 | L34: =VLOOKUP(A34,list_100!$B$2:$P$101,10,FALSE) -> 86631 | M34: =VLOOKUP(A34,list_100!$B$2:$V$101,21,FALSE) -> 202011 | N34: =VLOOKUP(A34,seller_user!$A$2:$Y$101,2,FALSE) -> aka3319 | O34: =VLOOKUP(A34,seller_user!$A$2:$Y$101,25,FALSE) -> 전영수 | P34: =VLOOKUP(A34,seller_user!$A$2:$Y$101,3,FALSE) -> [{"companyType": "FIRM", "companyName": "세븐", "brn": "555-22-01592", "associationCd": 6, "associationName": "부산 자동차매매사업조합", "associationPhoneNumber": "051-868-8388", "certificatedEmployeeNumber": "23-051-36503", "address": {"zipcode": "49472 ", "location": null, "sido": "부산", "sigungu": "사하구", "eupmyeondong": null, "eupmyeondongEtc": null, "address": "부산 사하구", "buildingCd": "2638010400103700046037836"}, "contacts": null, "used": true}] | Q34: =VLOOKUP(A34,inspection_detail_raw!A34:BK133,4,FALSE) -> ["TABLE"] | R34: =IFERROR("https://ci.encar.com"&VLOOKUP(A34,'성능점검 이미지정보'!A:E,2,FALSE),"") | S34: =VLOOKUP(A34,inspection_detail_raw!A34:BK133,50,FALSE) -> [] | T34: =IFERROR(VLOOKUP(TEXT(A34,"0"), inspection_detail_raw!A:BK, 51, FALSE), "알수없음") -> 20261115 | U34: =IFERROR(VLOOKUP(TEXT(A34,"0"), inspection_detail_raw!A:BK, 52, FALSE), "알수없음") -> 20251116 | V34: =IFERROR(VLOOKUP(TEXT(A34,"0"), inspection_detail_raw!A:BK, 54, FALSE), "알수없음") -> KMHR381ADMU24389 | W34: =IFERROR(VLOOKUP(TEXT(A34,"0"), inspection_detail_raw!A:BK, 57, FALSE), "알수없음") -> FALSE | X34: =IFERROR(VLOOKUP(TEXT(A34,"0"), inspection_detail_raw!A:BK, 59, FALSE), "알수없음") -> [] | Y34: =VLOOKUP(A34,vehicle_detail!$A$2:$DK$101,78,FALSE) -> ["10003"] | Z34: =VLOOKUP(A34,vehicle_detail!$A$2:$DK$101,80,FALSE) -> ["001", "004", "005", "006", "007", "008", "014", "015", "017", "019", "020", "021", "022", "023", "024", "026", "027", "030", "031", "032", "033", "034", "051", "055", "056", "057", "058", "059", "062", "063", "072", "074", "075", "077", "079", "081", "082", "084", "085", "086", "087", "088", "090", "094", "096", "097"]
A35: 41393805 | B35: =VLOOKUP(A35,vehicle_detail!$A$2:$DK$101,111,FALSE) -> 14가1316 | C35: =VLOOKUP(A35,vehicle_detail!$A$2:$DK$101,101,FALSE) -> 쥐색 | D35: =VLOOKUP(A35,list_100!$B$2:$P$101,9,FALSE) -> 현대 | E35: =VLOOKUP(A35,list_100!$B$2:$P$101,11,FALSE) -> 아반떼 MD | F35: =VLOOKUP(A35,list_100!$B$2:$P$101,2,FALSE) -> M16 GDI 럭셔리 | G35: =VLOOKUP(A35,list_100!$B$2:$P$101,3,FALSE) -> 0 | H35: =VLOOKUP(A35,list_100!$B$2:$P$101,6,FALSE) -> 2011 | I35: =VLOOKUP(A35,list_100!$B$2:$P$101,7,FALSE) -> 가솔린 | J35: =VLOOKUP(A35,vehicle_detail!$A$2:$DK$101,100,FALSE) -> 준중형차 | K35: =VLOOKUP(A35,list_100!$B$2:$P$101,15,FALSE) -> 370 | L35: =VLOOKUP(A35,list_100!$B$2:$P$101,10,FALSE) -> 155789 | M35: =VLOOKUP(A35,list_100!$B$2:$V$101,21,FALSE) -> 201009 | N35: =VLOOKUP(A35,seller_user!$A$2:$Y$101,2,FALSE) -> qorwogh0827 | O35: =VLOOKUP(A35,seller_user!$A$2:$Y$101,25,FALSE) -> 백재호 | P35: =VLOOKUP(A35,seller_user!$A$2:$Y$101,3,FALSE) -> [{"companyType": "FIRM", "companyName": "위너모터스", "brn": "450-19-00167", "associationCd": 23, "associationName": null, "associationPhoneNumber": null, "certificatedEmployeeNumber": "2500469", "address": {"zipcode": "41752 ", "location": null, "sido": "대구", "sigungu": "서구", "eupmyeondong": null, "eupmyeondongEtc": null, "address": "대구 서구 문화로 37", "buildingCd": "2717010600100420030000001"}, "contacts": null, "used": true}] | Q35: =VLOOKUP(A35,inspection_detail_raw!A35:BK134,4,FALSE) -> ["TABLE"] | R35: =IFERROR("https://ci.encar.com"&VLOOKUP(A35,'성능점검 이미지정보'!A:E,2,FALSE),"") | S35: =VLOOKUP(A35,inspection_detail_raw!A35:BK134,50,FALSE) -> [] | T35: =IFERROR(VLOOKUP(TEXT(A35,"0"), inspection_detail_raw!A:BK, 51, FALSE), "알수없음") -> 20261017 | U35: =IFERROR(VLOOKUP(TEXT(A35,"0"), inspection_detail_raw!A:BK, 52, FALSE), "알수없음") -> 20241018 | V35: =IFERROR(VLOOKUP(TEXT(A35,"0"), inspection_detail_raw!A:BK, 54, FALSE), "알수없음") -> KMHDG41DBBU017175 | W35: =IFERROR(VLOOKUP(TEXT(A35,"0"), inspection_detail_raw!A:BK, 57, FALSE), "알수없음") -> TRUE | X35: =IFERROR(VLOOKUP(TEXT(A35,"0"), inspection_detail_raw!A:BK, 59, FALSE), "알수없음") -> [{"type": {"code": "P062", "title": "쿼터 패널(우)"}, "statusTypes": [{"code": "W", "title": "판금/용접"}], "attributes": ["RANK_TWO"]}, {"type": {"code": "P021", "title": "프론트 휀더(좌)"}, "statusTypes": [{"code": "X", "title": "교환(교체)"}], "attributes": ["RANK_ONE"]}, {"type": {"code": "P061", "title": "쿼터 패널(좌)"}, "statusTypes": [{"code": "W", "title": "판금/용접"}], "attributes": ["RANK_TWO"]}] | Y35: =VLOOKUP(A35,vehicle_detail!$A$2:$DK$101,78,FALSE) -> ["1085", "10001"] | Z35: =VLOOKUP(A35,vehicle_detail!$A$2:$DK$101,80,FALSE) -> ["001", "003", "004", "005", "006", "007", "008", "014", "015", "017", "020", "022", "023", "024", "026", "027", "031", "032", "056", "058", "071", "072", "096", "097"]
A36: 41315606 | B36: =VLOOKUP(A36,vehicle_detail!$A$2:$DK$101,111,FALSE) -> 02구7066 | C36: =VLOOKUP(A36,vehicle_detail!$A$2:$DK$101,101,FALSE) -> 흰색 | D36: =VLOOKUP(A36,list_100!$B$2:$P$101,9,FALSE) -> 현대 | E36: =VLOOKUP(A36,list_100!$B$2:$P$101,11,FALSE) -> 아반떼 AD | F36: =VLOOKUP(A36,list_100!$B$2:$P$101,2,FALSE) -> 1.6 GDI 밸류 플러스 | G36: =VLOOKUP(A36,list_100!$B$2:$P$101,3,FALSE) -> 0 | H36: =VLOOKUP(A36,list_100!$B$2:$P$101,6,FALSE) -> 2018 | I36: =VLOOKUP(A36,list_100!$B$2:$P$101,7,FALSE) -> 가솔린 | J36: =VLOOKUP(A36,vehicle_detail!$A$2:$DK$101,100,FALSE) -> 준중형차 | K36: =VLOOKUP(A36,list_100!$B$2:$P$101,15,FALSE) -> 1210 | L36: =VLOOKUP(A36,list_100!$B$2:$P$101,10,FALSE) -> 53833 | M36: =VLOOKUP(A36,list_100!$B$2:$V$101,21,FALSE) -> 201711 | N36: =VLOOKUP(A36,seller_user!$A$2:$Y$101,2,FALSE) -> thirst1234 | O36: =VLOOKUP(A36,seller_user!$A$2:$Y$101,25,FALSE) -> 이정하 | P36: =VLOOKUP(A36,seller_user!$A$2:$Y$101,3,FALSE) -> [{"companyType": "FIRM", "companyName": "큐모터스", "brn": "596-07-01436", "associationCd": 3, "associationName": "대구 자동차매매사업조합", "associationPhoneNumber": "053-341-7788", "certificatedEmployeeNumber": "20-053-00158", "address": {"zipcode": "41081 ", "location": null, "sido": "대구", "sigungu": "동구", "eupmyeondong": null, "eupmyeondongEtc": null, "address": "대구 동구", "buildingCd": "2714012300103010001033011"}, "contacts": null, "used": true}] | Q36: =VLOOKUP(A36,inspection_detail_raw!A36:BK135,4,FALSE) -> ["TABLE"] | R36: =IFERROR("https://ci.encar.com"&VLOOKUP(A36,'성능점검 이미지정보'!A:E,2,FALSE),"") | S36: =VLOOKUP(A36,inspection_detail_raw!A36:BK135,50,FALSE) -> [] | T36: =IFERROR(VLOOKUP(TEXT(A36,"0"), inspection_detail_raw!A:BK, 51, FALSE), "알수없음") -> 20271031 | U36: =IFERROR(VLOOKUP(TEXT(A36,"0"), inspection_detail_raw!A:BK, 52, FALSE), "알수없음") -> 20251101 | V36: =IFERROR(VLOOKUP(TEXT(A36,"0"), inspection_detail_raw!A:BK, 54, FALSE), "알수없음") -> KMHD641DBJU536296 | W36: =IFERROR(VLOOKUP(TEXT(A36,"0"), inspection_detail_raw!A:BK, 57, FALSE), "알수없음") -> FALSE | X36: =IFERROR(VLOOKUP(TEXT(A36,"0"), inspection_detail_raw!A:BK, 59, FALSE), "알수없음") -> [] | Y36: =VLOOKUP(A36,vehicle_detail!$A$2:$DK$101,78,FALSE) -> ["1009", "1010"] | Z36: =VLOOKUP(A36,vehicle_detail!$A$2:$DK$101,80,FALSE) -> ["001", "004", "005", "006", "007", "008", "014", "015", "017", "019", "020", "022", "024", "026", "027", "031", "032", "033", "055", "056", "057", "058", "071", "072", "074", "086", "096", "097"]
A37: 41313544 | B37: =VLOOKUP(A37,vehicle_detail!$A$2:$DK$101,111,FALSE) -> 380어6657 | C37: =VLOOKUP(A37,vehicle_detail!$A$2:$DK$101,101,FALSE) -> 검정색 | D37: =VLOOKUP(A37,list_100!$B$2:$P$101,9,FALSE) -> 현대 | E37: =VLOOKUP(A37,list_100!$B$2:$P$101,11,FALSE) -> 더 뉴 그랜저 IG | F37: =VLOOKUP(A37,list_100!$B$2:$P$101,2,FALSE) -> 2.5 | G37: =VLOOKUP(A37,list_100!$B$2:$P$101,3,FALSE) -> 르블랑 | H37: =VLOOKUP(A37,list_100!$B$2:$P$101,6,FALSE) -> 2023 | I37: =VLOOKUP(A37,list_100!$B$2:$P$101,7,FALSE) -> 가솔린 | J37: =VLOOKUP(A37,vehicle_detail!$A$2:$DK$101,100,FALSE) -> 대형차 | K37: =VLOOKUP(A37,list_100!$B$2:$P$101,15,FALSE) -> 2590 | L37: =VLOOKUP(A37,list_100!$B$2:$P$101,10,FALSE) -> 70178 | M37: =VLOOKUP(A37,list_100!$B$2:$V$101,21,FALSE) -> 202208 | N37: =VLOOKUP(A37,seller_user!$A$2:$Y$101,2,FALSE) -> lsw30992288 | O37: =VLOOKUP(A37,seller_user!$A$2:$Y$101,25,FALSE) -> T카 용인매매센터 | P37: =VLOOKUP(A37,seller_user!$A$2:$Y$101,3,FALSE) -> [{"companyType": "FIRM", "companyName": "롯데렌탈", "brn": "214-87-79183", "associationCd": 28, "associationName": null, "associationPhoneNumber": null, "certificatedEmployeeNumber": "GC25-03404", "address": {"zipcode": "16994 ", "location": null, "sido": "경기", "sigungu": "용인시", "eupmyeondong": null, "eupmyeondongEtc": null, "address": "경기 용인시 기흥구 어정로 36", "buildingCd": "4146311700106410000000001"}, "contacts": null, "used": true}] | Q37: =VLOOKUP(A37,inspection_detail_raw!A37:BK136,4,FALSE) -> ["TABLE"] | R37: =IFERROR("https://ci.encar.com"&VLOOKUP(A37,'성능점검 이미지정보'!A:E,2,FALSE),"") -> https://ci.encar.com/carsdata/cars/inspection/41313544_photoFront.jpg | S37: =VLOOKUP(A37,inspection_detail_raw!A37:BK136,50,FALSE) -> [{"code": "1", "title": "렌트"}] | T37: =IFERROR(VLOOKUP(TEXT(A37,"0"), inspection_detail_raw!A:BK, 51, FALSE), "알수없음") -> 20260829 | U37: =IFERROR(VLOOKUP(TEXT(A37,"0"), inspection_detail_raw!A:BK, 52, FALSE), "알수없음") -> 20250830 | V37: =IFERROR(VLOOKUP(TEXT(A37,"0"), inspection_detail_raw!A:BK, 54, FALSE), "알수없음") -> KMHF141DBPA515080 | W37: =IFERROR(VLOOKUP(TEXT(A37,"0"), inspection_detail_raw!A:BK, 57, FALSE), "알수없음") -> TRUE | X37: =IFERROR(VLOOKUP(TEXT(A37,"0"), inspection_detail_raw!A:BK, 59, FALSE), "알수없음") -> [{"type": {"code": "P022", "title": "프론트 휀더(우)"}, "statusTypes": [{"code": "W", "title": "판금/용접"}], "attributes": ["RANK_ONE"]}, {"type": {"code": "P011", "title": "후드"}, "statusTypes": [{"code": "X", "title": "교환(교체)"}], "attributes": ["RANK_ONE"]}, {"type": {"code": "P051", "title": "라디에이터 서포트(볼트체결부품)"}, "statusTypes": [{"code": "X", "title": "교환(교체)"}], "attributes": ["RANK_ONE"]}, {"type": {"code": "P021", "title": "프론트 휀더(좌)"}, "statusTypes": [{"code": "W", "title": "판금/용접"}], "attributes": ["RANK_ONE"]}] | Y37: =VLOOKUP(A37,vehicle_detail!$A$2:$DK$101,78,FALSE) -> ["10001"] | Z37: =VLOOKUP(A37,vehicle_detail!$A$2:$DK$101,80,FALSE) -> ["001", "004", "005", "006", "007", "008", "014", "015", "017", "019", "020", "021", "022", "023", "024", "026", "027", "030", "031", "032", "033", "034", "035", "055", "056", "057", "058", "059", "063", "072", "074", "075", "077", "079", "081", "082", "084", "085", "086", "087", "088", "092", "094", "095", "096", "097"]
A38: 41135028 | B38: =VLOOKUP(A38,vehicle_detail!$A$2:$DK$101,111,FALSE) -> 14가8780 | C38: =VLOOKUP(A38,vehicle_detail!$A$2:$DK$101,101,FALSE) -> 은회색 | D38: =VLOOKUP(A38,list_100!$B$2:$P$101,9,FALSE) -> 현대 | E38: =VLOOKUP(A38,list_100!$B$2:$P$101,11,FALSE) -> 아반떼 MD | F38: =VLOOKUP(A38,list_100!$B$2:$P$101,2,FALSE) -> M16 GDI 모던 | G38: =VLOOKUP(A38,list_100!$B$2:$P$101,3,FALSE) -> 0 | H38: =VLOOKUP(A38,list_100!$B$2:$P$101,6,FALSE) -> 2013 | I38: =VLOOKUP(A38,list_100!$B$2:$P$101,7,FALSE) -> 가솔린 | J38: =VLOOKUP(A38,vehicle_detail!$A$2:$DK$101,100,FALSE) -> 준중형차 | K38: =VLOOKUP(A38,list_100!$B$2:$P$101,15,FALSE) -> 450 | L38: =VLOOKUP(A38,list_100!$B$2:$P$101,10,FALSE) -> 128844 | M38: =VLOOKUP(A38,list_100!$B$2:$V$101,21,FALSE) -> 201209 | N38: =VLOOKUP(A38,seller_user!$A$2:$Y$101,2,FALSE) -> skdisk5487 | O38: =VLOOKUP(A38,seller_user!$A$2:$Y$101,25,FALSE) -> 박지안 | P38: =VLOOKUP(A38,seller_user!$A$2:$Y$101,3,FALSE) -> [{"companyType": "FIRM", "companyName": "제이케이 자동차", "brn": "703-86-02533", "associationCd": 7, "associationName": null, "associationPhoneNumber": null, "certificatedEmployeeNumber": "2506200086", "address": {"zipcode": "62071 ", "location": null, "sido": "광주", "sigungu": "서구", "eupmyeondong": null, "eupmyeondongEtc": null, "address": "광주 서구 매월1로62번길 24", "buildingCd": "2914013200106630002000001"}, "contacts": null, "used": true}] | Q38: =VLOOKUP(A38,inspection_detail_raw!A38:BK137,4,FALSE) -> ["TABLE"] | R38: =IFERROR("https://ci.encar.com"&VLOOKUP(A38,'성능점검 이미지정보'!A:E,2,FALSE),"") | S38: =VLOOKUP(A38,inspection_detail_raw!A38:BK137,50,FALSE) -> [] | T38: =IFERROR(VLOOKUP(TEXT(A38,"0"), inspection_detail_raw!A:BK, 51, FALSE), "알수없음") -> 20261128 | U38: =IFERROR(VLOOKUP(TEXT(A38,"0"), inspection_detail_raw!A:BK, 52, FALSE), "알수없음") -> 20241129 | V38: =IFERROR(VLOOKUP(TEXT(A38,"0"), inspection_detail_raw!A:BK, 54, FALSE), "알수없음") -> KMHDH41DBDU645697 | W38: =IFERROR(VLOOKUP(TEXT(A38,"0"), inspection_detail_raw!A:BK, 57, FALSE), "알수없음") -> TRUE | X38: =IFERROR(VLOOKUP(TEXT(A38,"0"), inspection_detail_raw!A:BK, 59, FALSE), "알수없음") -> [{"type": {"code": "P022", "title": "프론트 휀더(우)"}, "statusTypes": [{"code": "X", "title": "교환(교체)"}], "attributes": ["RANK_ONE"]}, {"type": {"code": "P051", "title": "라디에이터 서포트(볼트체결부품)"}, "statusTypes": [{"code": "X", "title": "교환(교체)"}], "attributes": ["RANK_ONE"]}] | Y38: =VLOOKUP(A38,vehicle_detail!$A$2:$DK$101,78,FALSE) -> ["1087", "1103"] | Z38: =VLOOKUP(A38,vehicle_detail!$A$2:$DK$101,80,FALSE) -> ["001", "003", "004", "005", "006", "007", "008", "010", "014", "015", "017", "019", "020", "022", "023", "024", "026", "027", "031", "032", "055", "056", "057", "058", "063", "068", "071", "072", "082", "085", "096", "097"]
A39: 41393779 | B39: =VLOOKUP(A39,vehicle_detail!$A$2:$DK$101,111,FALSE) -> 66보0407 | C39: =VLOOKUP(A39,vehicle_detail!$A$2:$DK$101,101,FALSE) -> 흰색 | D39: =VLOOKUP(A39,list_100!$B$2:$P$101,9,FALSE) -> 현대 | E39: =VLOOKUP(A39,list_100!$B$2:$P$101,11,FALSE) -> 올 뉴 투싼 | F39: =VLOOKUP(A39,list_100!$B$2:$P$101,2,FALSE) -> 디젤 2.0 2WD | G39: =VLOOKUP(A39,list_100!$B$2:$P$101,3,FALSE) -> 모던 | H39: =VLOOKUP(A39,list_100!$B$2:$P$101,6,FALSE) -> 2017 | I39: =VLOOKUP(A39,list_100!$B$2:$P$101,7,FALSE) -> 디젤 | J39: =VLOOKUP(A39,vehicle_detail!$A$2:$DK$101,100,FALSE) -> SUV | K39: =VLOOKUP(A39,list_100!$B$2:$P$101,15,FALSE) -> 1240 | L39: =VLOOKUP(A39,list_100!$B$2:$P$101,10,FALSE) -> 107390 | M39: =VLOOKUP(A39,list_100!$B$2:$V$101,21,FALSE) -> 201608 | N39: =VLOOKUP(A39,seller_user!$A$2:$Y$101,2,FALSE) -> autoplusic | O39: =VLOOKUP(A39,seller_user!$A$2:$Y$101,25,FALSE) -> 리본카 청라지점 | P39: =VLOOKUP(A39,seller_user!$A$2:$Y$101,3,FALSE) -> [{"companyType": "FIRM", "companyName": "오토플러스(주)", "brn": "105-86-06429", "associationCd": 5, "associationName": null, "associationPhoneNumber": null, "certificatedEmployeeNumber": "IC21-00521", "address": {"zipcode": "22850 ", "location": null, "sido": "인천", "sigungu": "서구", "eupmyeondong": null, "eupmyeondongEtc": null, "address": "인천 서구 정서진로 70", "buildingCd": "2826011900115770000000001"}, "contacts": null, "used": true}] | Q39: =VLOOKUP(A39,inspection_detail_raw!A39:BK138,4,FALSE) -> ["TABLE"] | R39: =IFERROR("https://ci.encar.com"&VLOOKUP(A39,'성능점검 이미지정보'!A:E,2,FALSE),"") | S39: =VLOOKUP(A39,inspection_detail_raw!A39:BK138,50,FALSE) -> [] | T39: =IFERROR(VLOOKUP(TEXT(A39,"0"), inspection_detail_raw!A:BK, 51, FALSE), "알수없음") -> 20260821 | U39: =IFERROR(VLOOKUP(TEXT(A39,"0"), inspection_detail_raw!A:BK, 52, FALSE), "알수없음") -> 20240822 | V39: =IFERROR(VLOOKUP(TEXT(A39,"0"), inspection_detail_raw!A:BK, 54, FALSE), "알수없음") -> KMHJ381ABHU269990 | W39: =IFERROR(VLOOKUP(TEXT(A39,"0"), inspection_detail_raw!A:BK, 57, FALSE), "알수없음") -> TRUE | X39: =IFERROR(VLOOKUP(TEXT(A39,"0"), inspection_detail_raw!A:BK, 59, FALSE), "알수없음") -> [{"type": {"code": "P011", "title": "후드"}, "statusTypes": [{"code": "W", "title": "판금/용접"}], "attributes": ["RANK_ONE"]}, {"type": {"code": "P032", "title": "프론트 도어(우)"}, "statusTypes": [{"code": "X", "title": "교환(교체)"}], "attributes": ["RANK_ONE"]}] | Y39: =VLOOKUP(A39,vehicle_detail!$A$2:$DK$101,78,FALSE) -> ["10004", "10006", "10003"] | Z39: =VLOOKUP(A39,vehicle_detail!$A$2:$DK$101,80,FALSE) -> ["001", "004", "005", "006", "007", "008", "014", "015", "017", "019", "020", "021", "022", "023", "024", "026", "027", "030", "031", "032", "033", "034", "055", "056", "057", "058", "062", "063", "068", "071", "072", "074", "077", "082", "096", "097"]
A40: 41359860 | B40: =VLOOKUP(A40,vehicle_detail!$A$2:$DK$101,111,FALSE) -> 38다6030 | C40: =VLOOKUP(A40,vehicle_detail!$A$2:$DK$101,101,FALSE) -> 청색 | D40: =VLOOKUP(A40,list_100!$B$2:$P$101,9,FALSE) -> 현대 | E40: =VLOOKUP(A40,list_100!$B$2:$P$101,11,FALSE) -> 그랜저 IG | F40: =VLOOKUP(A40,list_100!$B$2:$P$101,2,FALSE) -> 2.4 프리미엄 | G40: =VLOOKUP(A40,list_100!$B$2:$P$101,3,FALSE) -> 스페셜 | H40: =VLOOKUP(A40,list_100!$B$2:$P$101,6,FALSE) -> 2018 | I40: =VLOOKUP(A40,list_100!$B$2:$P$101,7,FALSE) -> 가솔린 | J40: =VLOOKUP(A40,vehicle_detail!$A$2:$DK$101,100,FALSE) -> 대형차 | K40: =VLOOKUP(A40,list_100!$B$2:$P$101,15,FALSE) -> 1030 | L40: =VLOOKUP(A40,list_100!$B$2:$P$101,10,FALSE) -> 196646 | M40: =VLOOKUP(A40,list_100!$B$2:$V$101,21,FALSE) -> 201703 | N40: =VLOOKUP(A40,seller_user!$A$2:$Y$101,2,FALSE) -> wind1511 | O40: =VLOOKUP(A40,seller_user!$A$2:$Y$101,25,FALSE) -> 김현중 | P40: =VLOOKUP(A40,seller_user!$A$2:$Y$101,3,FALSE) -> [{"companyType": "FIRM", "companyName": "블루오토", "brn": "485-11-02864", "associationCd": 11, "associationName": "충남 자동차매매사업조합", "associationPhoneNumber": "041-572-8444", "certificatedEmployeeNumber": "2204100154", "address": {"zipcode": "31074 ", "location": null, "sido": "충남", "sigungu": "천안시 서북구", "eupmyeondong": null, "eupmyeondongEtc": null, "address": "충남 천안시 서북구 번영로 533", "buildingCd": "4413310500103350001040409"}, "contacts": null, "used": true}] | Q40: =VLOOKUP(A40,inspection_detail_raw!A40:BK139,4,FALSE) -> ["TABLE"] | R40: =IFERROR("https://ci.encar.com"&VLOOKUP(A40,'성능점검 이미지정보'!A:E,2,FALSE),"") | S40: =VLOOKUP(A40,inspection_detail_raw!A40:BK139,50,FALSE) -> [] | T40: =IFERROR(VLOOKUP(TEXT(A40,"0"), inspection_detail_raw!A:BK, 51, FALSE), "알수없음") -> 20270327 | U40: =IFERROR(VLOOKUP(TEXT(A40,"0"), inspection_detail_raw!A:BK, 52, FALSE), "알수없음") -> 20250328 | V40: =IFERROR(VLOOKUP(TEXT(A40,"0"), inspection_detail_raw!A:BK, 54, FALSE), "알수없음") -> KMHF441CBJA051514 | W40: =IFERROR(VLOOKUP(TEXT(A40,"0"), inspection_detail_raw!A:BK, 57, FALSE), "알수없음") -> TRUE | X40: =IFERROR(VLOOKUP(TEXT(A40,"0"), inspection_detail_raw!A:BK, 59, FALSE), "알수없음") -> [{"type": {"code": "P034", "title": "리어 도어(우)"}, "statusTypes": [{"code": "X", "title": "교환(교체)"}], "attributes": ["RANK_ONE"]}, {"type": {"code": "P022", "title": "프론트 휀더(우)"}, "statusTypes": [{"code": "W", "title": "판금/용접"}], "attributes": ["RANK_ONE"]}, {"type": {"code": "P011", "title": "후드"}, "statusTypes": [{"code": "X", "title": "교환(교체)"}], "attributes": ["RANK_ONE"]}, {"type": {"code": "P062", "title": "쿼터 패널(우)"}, "statusTypes": [{"code": "W", "title": "판금/용접"}], "attributes": ["RANK_TWO"]}, {"type": {"code": "P051", "title": "라디에이터 서포트(볼트체결부품)"}, "statusTypes": [{"code": "X", "title": "교환(교체)"}], "attributes": ["RANK_ONE"]}, {"type": {"code": "P021", "title": "프론트 휀더(좌)"}, "statusTypes": [{"code": "X", "title": "교환(교체)"}], "attributes": ["RANK_ONE"]}] | Y40: =VLOOKUP(A40,vehicle_detail!$A$2:$DK$101,78,FALSE) -> ["1011"] | Z40: =VLOOKUP(A40,vehicle_detail!$A$2:$DK$101,80,FALSE) -> ["001", "004", "005", "006", "007", "008", "014", "015", "017", "019", "020", "021", "022", "023", "024", "026", "027", "030", "031", "032", "033", "034", "035", "051", "055", "056", "057", "058", "063", "071", "072", "074", "077", "079", "081", "082", "083", "085", "086", "088", "092", "094", "096", "097"]
A41: 39193215 | B41: =VLOOKUP(A41,vehicle_detail!$A$2:$DK$101,111,FALSE) -> 221하5371 | C41: =VLOOKUP(A41,vehicle_detail!$A$2:$DK$101,101,FALSE) -> 쥐색 | D41: =VLOOKUP(A41,list_100!$B$2:$P$101,9,FALSE) -> 현대 | E41: =VLOOKUP(A41,list_100!$B$2:$P$101,11,FALSE) -> 싼타페 (MX5) | F41: =VLOOKUP(A41,list_100!$B$2:$P$101,2,FALSE) -> 가솔린 2.5T 4WD | G41: =VLOOKUP(A41,list_100!$B$2:$P$101,3,FALSE) -> 캘리그래피 | H41: =VLOOKUP(A41,list_100!$B$2:$P$101,6,FALSE) -> 2024 | I41: =VLOOKUP(A41,list_100!$B$2:$P$101,7,FALSE) -> 가솔린 | J41: =VLOOKUP(A41,vehicle_detail!$A$2:$DK$101,100,FALSE) -> SUV | K41: =VLOOKUP(A41,list_100!$B$2:$P$101,15,FALSE) -> 3130 | L41: =VLOOKUP(A41,list_100!$B$2:$P$101,10,FALSE) -> 11379 | M41: =VLOOKUP(A41,list_100!$B$2:$V$101,21,FALSE) -> 202402 | N41: =VLOOKUP(A41,seller_user!$A$2:$Y$101,2,FALSE) -> korea0315 | O41: =VLOOKUP(A41,seller_user!$A$2:$Y$101,25,FALSE) -> 김시욱 | P41: =VLOOKUP(A41,seller_user!$A$2:$Y$101,3,FALSE) -> [{"companyType": "FIRM", "companyName": "블루오토", "brn": "728-01-01142", "associationCd": 28, "associationName": "경기 자동차매매사업조합", "associationPhoneNumber": "031-242-8940", "certificatedEmployeeNumber": "GC24-01112", "address": {"zipcode": "16613 ", "location": null, "sido": "경기", "sigungu": "수원시", "eupmyeondong": null, "eupmyeondongEtc": null, "address": "경기 수원시 권선구", "buildingCd": "4111313100100790009000001"}, "contacts": null, "used": true}] | Q41: =VLOOKUP(A41,inspection_detail_raw!A41:BK140,4,FALSE) -> ["TABLE"] | R41: =IFERROR("https://ci.encar.com"&VLOOKUP(A41,'성능점검 이미지정보'!A:E,2,FALSE),"") -> https://ci.encar.com/carsdata/cars/inspection/39193215_photoFront.jpg | S41: =VLOOKUP(A41,inspection_detail_raw!A41:BK140,50,FALSE) -> [{"code": "1", "title": "렌트"}] | T41: =IFERROR(VLOOKUP(TEXT(A41,"0"), inspection_detail_raw!A:BK, 51, FALSE), "알수없음") -> 20260222 | U41: =IFERROR(VLOOKUP(TEXT(A41,"0"), inspection_detail_raw!A:BK, 52, FALSE), "알수없음") -> 20240223 | V41: =IFERROR(VLOOKUP(TEXT(A41,"0"), inspection_detail_raw!A:BK, 54, FALSE), "알수없음") -> KMHP581LHRU018618 | W41: =IFERROR(VLOOKUP(TEXT(A41,"0"), inspection_detail_raw!A:BK, 57, FALSE), "알수없음") -> FALSE | X41: =IFERROR(VLOOKUP(TEXT(A41,"0"), inspection_detail_raw!A:BK, 59, FALSE), "알수없음") -> [] | Y41: =VLOOKUP(A41,vehicle_detail!$A$2:$DK$101,78,FALSE) -> ["1118", "10003", "10002", "10004", "10001"] | Z41: =VLOOKUP(A41,vehicle_detail!$A$2:$DK$101,80,FALSE) -> ["001", "004", "005", "006", "007", "008", "010", "014", "015", "017", "019", "020", "021", "022", "023", "024", "026", "027", "030", "031", "032", "033", "034", "035", "051", "055", "056", "057", "058", "059", "062", "063", "072", "074", "075", "077", "079", "081", "082", "083", "084", "085", "086", "087", "088", "091", "092", "094", "095", "096", "097"]
A42: 39854943 | B42: =VLOOKUP(A42,vehicle_detail!$A$2:$DK$101,111,FALSE) -> 63수6095 | C42: =VLOOKUP(A42,vehicle_detail!$A$2:$DK$101,101,FALSE) -> 검정색 | D42: =VLOOKUP(A42,list_100!$B$2:$P$101,9,FALSE) -> 현대 | E42: =VLOOKUP(A42,list_100!$B$2:$P$101,11,FALSE) -> 에쿠스(신형) | F42: =VLOOKUP(A42,list_100!$B$2:$P$101,2,FALSE) -> VS380 | G42: =VLOOKUP(A42,list_100!$B$2:$P$101,3,FALSE) -> 모던 | H42: =VLOOKUP(A42,list_100!$B$2:$P$101,6,FALSE) -> 2013 | I42: =VLOOKUP(A42,list_100!$B$2:$P$101,7,FALSE) -> 가솔린 | J42: =VLOOKUP(A42,vehicle_detail!$A$2:$DK$101,100,FALSE) -> 대형차 | K42: =VLOOKUP(A42,list_100!$B$2:$P$101,15,FALSE) -> 559 | L42: =VLOOKUP(A42,list_100!$B$2:$P$101,10,FALSE) -> 190000 | M42: =VLOOKUP(A42,list_100!$B$2:$V$101,21,FALSE) -> 201304 | N42: =VLOOKUP(A42,seller_user!$A$2:$Y$101,2,FALSE) -> ghdtn778 | O42: =VLOOKUP(A42,seller_user!$A$2:$Y$101,25,FALSE) -> 김홍수 | P42: =VLOOKUP(A42,seller_user!$A$2:$Y$101,3,FALSE) -> [{"companyType": "FIRM", "companyName": "CNK모터스", "brn": "407-39-00422", "associationCd": 3, "associationName": "대구 자동차매매사업조합", "associationPhoneNumber": "053-341-7788", "certificatedEmployeeNumber": "1234", "address": {"zipcode": "41752 ", "location": null, "sido": "대구", "sigungu": "서구", "eupmyeondong": null, "eupmyeondongEtc": null, "address": "대구 서구", "buildingCd": "2717010600100420030000001"}, "contacts": null, "used": true}] | Q42: =VLOOKUP(A42,inspection_detail_raw!A42:BK141,4,FALSE) -> ["TABLE"] | R42: =IFERROR("https://ci.encar.com"&VLOOKUP(A42,'성능점검 이미지정보'!A:E,2,FALSE),"") | S42: =VLOOKUP(A42,inspection_detail_raw!A42:BK141,50,FALSE) -> [] | T42: =IFERROR(VLOOKUP(TEXT(A42,"0"), inspection_detail_raw!A:BK, 51, FALSE), "알수없음") -> 20270411 | U42: =IFERROR(VLOOKUP(TEXT(A42,"0"), inspection_detail_raw!A:BK, 52, FALSE), "알수없음") -> 20250412 | V42: =IFERROR(VLOOKUP(TEXT(A42,"0"), inspection_detail_raw!A:BK, 54, FALSE), "알수없음") -> 073125 | W42: =IFERROR(VLOOKUP(TEXT(A42,"0"), inspection_detail_raw!A:BK, 57, FALSE), "알수없음") -> TRUE | X42: =IFERROR(VLOOKUP(TEXT(A42,"0"), inspection_detail_raw!A:BK, 59, FALSE), "알수없음") -> [{"type": {"code": "P021", "title": "프론트 휀더(좌)"}, "statusTypes": [{"code": "X", "title": "교환(교체)"}], "attributes": ["RANK_ONE"]}, {"type": {"code": "P031", "title": "프론트 도어(좌)"}, "statusTypes": [{"code": "X", "title": "교환(교체)"}], "attributes": ["RANK_ONE"]}] | Y42: =VLOOKUP(A42,vehicle_detail!$A$2:$DK$101,78,FALSE) -> [] | Z42: =VLOOKUP(A42,vehicle_detail!$A$2:$DK$101,80,FALSE) -> ["001", "003", "004", "005", "006", "007", "008", "014", "015", "017", "019", "020", "021", "022", "023", "024", "026", "027", "029", "030", "031", "032", "033", "034", "035", "051", "055", "056", "057", "058", "063", "068", "071", "072", "074", "077", "081", "082", "083", "085", "089", "093", "094", "095", "096", "097"]
... A57: 41192737 | B57: =VLOOKUP(A57,vehicle_detail!$A$2:$DK$101,111,FALSE) -> 396주4188 | C57: =VLOOKUP(A57,vehicle_detail!$A$2:$DK$101,101,FALSE) -> 흰색 | D57: =VLOOKUP(A57,list_100!$B$2:$P$101,9,FALSE) -> 현대 | E57: =VLOOKUP(A57,list_100!$B$2:$P$101,11,FALSE) -> 싼타페 TM | F57: =VLOOKUP(A57,list_100!$B$2:$P$101,2,FALSE) -> 디젤 2.0 2WD | G57: =VLOOKUP(A57,list_100!$B$2:$P$101,3,FALSE) -> 프리미엄 | H57: =VLOOKUP(A57,list_100!$B$2:$P$101,6,FALSE) -> 2020 | I57: =VLOOKUP(A57,list_100!$B$2:$P$101,7,FALSE) -> 디젤 | J57: =VLOOKUP(A57,vehicle_detail!$A$2:$DK$101,100,FALSE) -> SUV | K57: =VLOOKUP(A57,list_100!$B$2:$P$101,15,FALSE) -> 2000 | L57: =VLOOKUP(A57,list_100!$B$2:$P$101,10,FALSE) -> 125154 | M57: =VLOOKUP(A57,list_100!$B$2:$V$101,21,FALSE) -> 202005 | N57: =VLOOKUP(A57,seller_user!$A$2:$Y$101,2,FALSE) -> qkrrjsgh333 | O57: =VLOOKUP(A57,seller_user!$A$2:$Y$101,25,FALSE) -> 박건호 | P57: =VLOOKUP(A57,seller_user!$A$2:$Y$101,3,FALSE) -> [{"companyType": "FIRM", "companyName": "영차", "brn": "555-02-02948", "associationCd": 5, "associationName": null, "associationPhoneNumber": null, "certificatedEmployeeNumber": "IM23-00805", "address": {"zipcode": "21500 ", "location": null, "sido": "인천", "sigungu": "남동구", "eupmyeondong": null, "eupmyeondongEtc": null, "address": "인천 남동구 방축로 414", "buildingCd": "2820010200106160085000824"}, "contacts": null, "used": true}] | Q57: =VLOOKUP(A57,inspection_detail_raw!A57:BK156,4,FALSE) -> ["TABLE"] | R57: =IFERROR("https://ci.encar.com"&VLOOKUP(A57,'성능점검 이미지정보'!A:E,2,FALSE),"") | S57: =VLOOKUP(A57,inspection_detail_raw!A57:BK156,50,FALSE) -> [] | T57: =IFERROR(VLOOKUP(TEXT(A57,"0"), inspection_detail_raw!A:BK, 51, FALSE), "알수없음") -> 20260510 | U57: =IFERROR(VLOOKUP(TEXT(A57,"0"), inspection_detail_raw!A:BK, 52, FALSE), "알수없음") -> 20240511 | V57: =IFERROR(VLOOKUP(TEXT(A57,"0"), inspection_detail_raw!A:BK, 54, FALSE), "알수없음") -> KMHS281BBLU293041 | W57: =IFERROR(VLOOKUP(TEXT(A57,"0"), inspection_detail_raw!A:BK, 57, FALSE), "알수없음") -> FALSE | X57: =IFERROR(VLOOKUP(TEXT(A57,"0"), inspection_detail_raw!A:BK, 59, FALSE), "알수없음") -> [] | Y57: =VLOOKUP(A57,vehicle_detail!$A$2:$DK$101,78,FALSE) -> ["10002"] | Z57: =VLOOKUP(A57,vehicle_detail!$A$2:$DK$101,80,FALSE) -> ["001", "004", "005", "006", "007", "008", "014", "015", "017", "019", "020", "022", "023", "024", "026", "027", "030", "031", "032", "033", "055", "056", "057", "058", "068", "071", "072", "074", "082", "088", "096", "097"]
A58: 41189810 | B58: =VLOOKUP(A58,vehicle_detail!$A$2:$DK$101,111,FALSE) -> 51두0105 | C58: =VLOOKUP(A58,vehicle_detail!$A$2:$DK$101,101,FALSE) -> 은색 | D58: =VLOOKUP(A58,list_100!$B$2:$P$101,9,FALSE) -> 현대 | E58: =VLOOKUP(A58,list_100!$B$2:$P$101,11,FALSE) -> 싼타페 더 프라임 | F58: =VLOOKUP(A58,list_100!$B$2:$P$101,2,FALSE) -> 디젤 2.0 2WD | G58: =VLOOKUP(A58,list_100!$B$2:$P$101,3,FALSE) -> 프리미엄 | H58: =VLOOKUP(A58,list_100!$B$2:$P$101,6,FALSE) -> 2016 | I58: =VLOOKUP(A58,list_100!$B$2:$P$101,7,FALSE) -> 디젤 | J58: =VLOOKUP(A58,vehicle_detail!$A$2:$DK$101,100,FALSE) -> SUV | K58: =VLOOKUP(A58,list_100!$B$2:$P$101,15,FALSE) -> 1479 | L58: =VLOOKUP(A58,list_100!$B$2:$P$101,10,FALSE) -> 49401 | M58: =VLOOKUP(A58,list_100!$B$2:$V$101,21,FALSE) -> 201609 | N58: =VLOOKUP(A58,seller_user!$A$2:$Y$101,2,FALSE) -> wlals743 | O58: =VLOOKUP(A58,seller_user!$A$2:$Y$101,25,FALSE) -> 서지민 | P58: =VLOOKUP(A58,seller_user!$A$2:$Y$101,3,FALSE) -> [{"companyType": "FIRM", "companyName": "공은모터스", "brn": "725-22-01380", "associationCd": 19, "associationName": "경기도1 자동차매매사업조합", "associationPhoneNumber": "031-876-8138", "certificatedEmployeeNumber": "GG22-01310", "address": {"zipcode": "10135 ", "location": null, "sido": "경기", "sigungu": "김포시", "eupmyeondong": null, "eupmyeondongEtc": null, "address": "경기 김포시 아라육로152번길 45", "buildingCd": "4157025325106840000000001"}, "contacts": null, "used": true}] | Q58: =VLOOKUP(A58,inspection_detail_raw!A58:BK157,4,FALSE) -> ["TABLE"] | R58: =IFERROR("https://ci.encar.com"&VLOOKUP(A58,'성능점검 이미지정보'!A:E,2,FALSE),"") -> https://ci.encar.com/carsdata/cars/inspection/41189810_photoFront.jpg | S58: =IFERROR(VLOOKUP(TEXT(A58,"0"), inspection_detail_raw!A:BK, 50, FALSE), "알수없음") -> [] | T58: =IFERROR(VLOOKUP(TEXT(A58,"0"), inspection_detail_raw!A:BK, 51, FALSE), "알수없음") -> 20260920 | U58: =IFERROR(VLOOKUP(TEXT(A58,"0"), inspection_detail_raw!A:BK, 52, FALSE), "알수없음") -> 20240921 | V58: =IFERROR(VLOOKUP(TEXT(A58,"0"), inspection_detail_raw!A:BK, 54, FALSE), "알수없음") -> KMHSW81UBGU688835 | W58: =IFERROR(VLOOKUP(TEXT(A58,"0"), inspection_detail_raw!A:BK, 57, FALSE), "알수없음") -> FALSE | X58: =IFERROR(VLOOKUP(TEXT(A58,"0"), inspection_detail_raw!A:BK, 59, FALSE), "알수없음") -> [] | Y58: =VLOOKUP(A58,vehicle_detail!$A$2:$DK$101,78,FALSE) -> ["1165"] | Z58: =VLOOKUP(A58,vehicle_detail!$A$2:$DK$101,80,FALSE) -> ["001", "003", "004", "005", "006", "007", "008", "014", "015", "017", "019", "020", "021", "022", "023", "024", "026", "027", "030", "031", "032", "033", "035", "055", "056", "057", "058", "062", "063", "068", "071", "072", "074", "082", "092", "096", "097"]
A59: 41169630 | B59: =VLOOKUP(A59,vehicle_detail!$A$2:$DK$101,111,FALSE) -> 139러5374 | C59: =VLOOKUP(A59,vehicle_detail!$A$2:$DK$101,101,FALSE) -> 녹색 | D59: =VLOOKUP(A59,list_100!$B$2:$P$101,9,FALSE) -> 현대 | E59: =VLOOKUP(A59,list_100!$B$2:$P$101,11,FALSE) -> 캐스퍼 | F59: =VLOOKUP(A59,list_100!$B$2:$P$101,2,FALSE) -> 디 에센셜 | G59: =VLOOKUP(A59,list_100!$B$2:$P$101,3,FALSE) -> 0 | H59: =VLOOKUP(A59,list_100!$B$2:$P$101,6,FALSE) -> 2023 | I59: =VLOOKUP(A59,list_100!$B$2:$P$101,7,FALSE) -> 가솔린 | J59: =VLOOKUP(A59,vehicle_detail!$A$2:$DK$101,100,FALSE) -> 경차 | K59: =VLOOKUP(A59,list_100!$B$2:$P$101,15,FALSE) -> 1620 | L59: =VLOOKUP(A59,list_100!$B$2:$P$101,10,FALSE) -> 20173 | M59: =VLOOKUP(A59,list_100!$B$2:$V$101,21,FALSE) -> 202305 | N59: =VLOOKUP(A59,seller_user!$A$2:$Y$101,2,FALSE) -> sopy1764 | O59: =VLOOKUP(A59,seller_user!$A$2:$Y$101,25,FALSE) -> 호길수 | P59: =VLOOKUP(A59,seller_user!$A$2:$Y$101,3,FALSE) -> [{"companyType": "FIRM", "companyName": "에쓰아이모터스", "brn": "314-07-87244", "associationCd": 28, "associationName": "경기 자동차매매사업조합", "associationPhoneNumber": "031-242-8940", "certificatedEmployeeNumber": "15-031-72357", "address": {"zipcode": "15457 ", "location": null, "sido": "경기", "sigungu": "안산시 단원구", "eupmyeondong": null, "eupmyeondongEtc": null, "address": "경기 안산시 단원구 원포공원1로 16", "buildingCd": "4127310700107450003000001"}, "contacts": null, "used": true}] | Q59: =VLOOKUP(A59,inspection_detail_raw!A59:BK158,4,FALSE) -> ["TABLE"] | R59: =IFERROR("https://ci.encar.com"&VLOOKUP(A59,'성능점검 이미지정보'!A:E,2,FALSE),"") | S59: =VLOOKUP(A59,inspection_detail_raw!A59:BK158,50,FALSE) -> [] | T59: =IFERROR(VLOOKUP(TEXT(A59,"0"), inspection_detail_raw!A:BK, 51, FALSE), "알수없음") -> 20270509 | U59: =IFERROR(VLOOKUP(TEXT(A59,"0"), inspection_detail_raw!A:BK, 52, FALSE), "알수없음") -> 20230510 | V59: =IFERROR(VLOOKUP(TEXT(A59,"0"), inspection_detail_raw!A:BK, 54, FALSE), "알수없음") -> KMHB3518BPW066972 | W59: =IFERROR(VLOOKUP(TEXT(A59,"0"), inspection_detail_raw!A:BK, 57, FALSE), "알수없음") -> FALSE | X59: =IFERROR(VLOOKUP(TEXT(A59,"0"), inspection_detail_raw!A:BK, 59, FALSE), "알수없음") -> [] | Y59: =VLOOKUP(A59,vehicle_detail!$A$2:$DK$101,78,FALSE) -> ["1001", "1003"] | Z59: =VLOOKUP(A59,vehicle_detail!$A$2:$DK$101,80,FALSE) -> ["001", "004", "005", "006", "007", "008", "010", "014", "015", "019", "020", "022", "023", "024", "026", "027", "031", "032", "033", "034", "055", "056", "057", "058", "062", "068", "072", "074", "082", "088", "096", "097"]
A60: 41179282 | B60: =VLOOKUP(A60,vehicle_detail!$A$2:$DK$101,111,FALSE) -> 188소8205 | C60: =VLOOKUP(A60,vehicle_detail!$A$2:$DK$101,101,FALSE) -> 검정색 | D60: =VLOOKUP(A60,list_100!$B$2:$P$101,9,FALSE) -> 현대 | E60: =VLOOKUP(A60,list_100!$B$2:$P$101,11,FALSE) -> 그랜저 IG | F60: =VLOOKUP(A60,list_100!$B$2:$P$101,2,FALSE) -> 3.0 익스클루시브 | G60: =VLOOKUP(A60,list_100!$B$2:$P$101,3,FALSE) -> 스페셜 | H60: =VLOOKUP(A60,list_100!$B$2:$P$101,6,FALSE) -> 2019 | I60: =VLOOKUP(A60,list_100!$B$2:$P$101,7,FALSE) -> 가솔린 | J60: =VLOOKUP(A60,vehicle_detail!$A$2:$DK$101,100,FALSE) -> 대형차 | K60: =VLOOKUP(A60,list_100!$B$2:$P$101,15,FALSE) -> 1570 | L60: =VLOOKUP(A60,list_100!$B$2:$P$101,10,FALSE) -> 113584 | M60: =VLOOKUP(A60,list_100!$B$2:$V$101,21,FALSE) -> 201810 | N60: =VLOOKUP(A60,seller_user!$A$2:$Y$101,2,FALSE) -> vvcar78 | O60: =VLOOKUP(A60,seller_user!$A$2:$Y$101,25,FALSE) -> 안용운 | P60: =VLOOKUP(A60,seller_user!$A$2:$Y$101,3,FALSE) -> [{"companyType": "EXPORTER", "companyName": "부릉부릉닷컴(주)", "brn": null, "associationCd": null, "associationName": null, "associationPhoneNumber": null, "certificatedEmployeeNumber": null, "address": {"zipcode": "37659", "location": null, "sido": "경북", "sigungu": "포항시 남구", "eupmyeondong": "희망대로", "eupmyeondongEtc": "480", "address": null, "buildingCd": "4711111700100240000000001"}, "contacts": {"PHONE": ["0542720222"]}, "used": true}, {"companyType": "FIRM", "companyName": "부릉부릉닷컴(주)", "brn": "835-86-01151", "associationCd": 8, "associationName": "경북 자동차매매사업조합", "associationPhoneNumber": "053-254-0555", "certificatedEmployeeNumber": "19-054-15727", "address": {"zipcode": "37659 ", "location": null, "sido": "경북", "sigungu": "포항시 남구", "eupmyeondong": null, "eupmyeondongEtc": null, "address": "경북 포항시 남구 희망대로 480", "buildingCd": "4711111700100240000000001"}, "contacts": null, "used": true}] | Q60: =VLOOKUP(A60,inspection_detail_raw!A60:BK159,4,FALSE) -> ["TABLE"] | R60: =IFERROR("https://ci.encar.com"&VLOOKUP(A60,'성능점검 이미지정보'!A:E,2,FALSE),"") -> https://ci.encar.com/carsdata/cars/inspection/41179282_photoFront.jpg | S60: =VLOOKUP(A60,inspection_detail_raw!A60:BK159,50,FALSE) -> [{"code": "1", "title": "렌트"}] | T60: =IFERROR(VLOOKUP(TEXT(A60,"0"), inspection_detail_raw!A:BK, 51, FALSE), "알수없음") -> 20260930 | U60: =IFERROR(VLOOKUP(TEXT(A60,"0"), inspection_detail_raw!A:BK, 52, FALSE), "알수없음") -> 20251001 | V60: =IFERROR(VLOOKUP(TEXT(A60,"0"), inspection_detail_raw!A:BK, 54, FALSE), "알수없음") -> KMHF341EBKA210420 | W60: =IFERROR(VLOOKUP(TEXT(A60,"0"), inspection_detail_raw!A:BK, 57, FALSE), "알수없음") -> TRUE | X60: =IFERROR(VLOOKUP(TEXT(A60,"0"), inspection_detail_raw!A:BK, 59, FALSE), "알수없음") -> [{"type": {"code": "P041", "title": "트렁크 리드"}, "statusTypes": [{"code": "W", "title": "판금/용접"}], "attributes": ["RANK_ONE"]}, {"type": {"code": "P181", "title": "리어 패널"}, "statusTypes": [{"code": "X", "title": "교환(교체)"}], "attributes": ["RANK_A"]}] | Y60: =VLOOKUP(A60,vehicle_detail!$A$2:$DK$101,78,FALSE) -> ["1030"] | Z60: =VLOOKUP(A60,vehicle_detail!$A$2:$DK$101,80,FALSE) -> ["001", "003", "004", "005", "006", "007", "008", "014", "015", "017", "019", "020", "021", "022", "023", "024", "026", "027", "030", "031", "032", "033", "034", "035", "051", "055", "056", "057", "058", "059", "063", "068", "071", "072", "074", "075", "077", "081", "082", "083", "085", "086", "087", "092", "093", "094", "096", "097"]
A61: 41161416 | B61: =VLOOKUP(A61,vehicle_detail!$A$2:$DK$101,111,FALSE) -> 174무5547 | C61: =VLOOKUP(A61,vehicle_detail!$A$2:$DK$101,101,FALSE) -> 흰색 | D61: =VLOOKUP(A61,list_100!$B$2:$P$101,9,FALSE) -> 현대 | E61: =VLOOKUP(A61,list_100!$B$2:$P$101,11,FALSE) -> 쏘나타 (DN8) | F61: =VLOOKUP(A61,list_100!$B$2:$P$101,2,FALSE) -> 2.0 | G61: =VLOOKUP(A61,list_100!$B$2:$P$101,3,FALSE) -> 프리미엄 플러스 | H61: =VLOOKUP(A61,list_100!$B$2:$P$101,6,FALSE) -> 2022 | I61: =VLOOKUP(A61,list_100!$B$2:$P$101,7,FALSE) -> 가솔린 | J61: =VLOOKUP(A61,vehicle_detail!$A$2:$DK$101,100,FALSE) -> 중형차 | K61: =VLOOKUP(A61,list_100!$B$2:$P$101,15,FALSE) -> 2450 | L61: =VLOOKUP(A61,list_100!$B$2:$P$101,10,FALSE) -> 63138 | M61: =VLOOKUP(A61,list_100!$B$2:$V$101,21,FALSE) -> 202207 | N61: =VLOOKUP(A61,seller_user!$A$2:$Y$101,2,FALSE) -> chaseunggun7 | O61: =VLOOKUP(A61,seller_user!$A$2:$Y$101,25,FALSE) -> 차승건 | P61: =VLOOKUP(A61,seller_user!$A$2:$Y$101,3,FALSE) -> [{"companyType": "FIRM", "companyName": "차마이카", "brn": "155-19-02450", "associationCd": 19, "associationName": "경기도1 자동차매매사업조합", "associationPhoneNumber": "031-876-8138", "certificatedEmployeeNumber": "GG25-01656", "address": {"zipcode": "11366 ", "location": null, "sido": "경기", "sigungu": "동두천시", "eupmyeondong": null, "eupmyeondongEtc": null, "address": "경기 동두천시 평화로 2120", "buildingCd": "4125010100104830005009355"}, "contacts": null, "used": true}] | Q61: =VLOOKUP(A61,inspection_detail_raw!A61:BK160,4,FALSE) -> ["TABLE"] | R61: =IFERROR("https://ci.encar.com"&VLOOKUP(A61,'성능점검 이미지정보'!A:E,2,FALSE),"") -> https://ci.encar.com/carsdata/cars/inspection/41161416_photoFront.jpg | S61: =VLOOKUP(A61,inspection_detail_raw!A61:BK160,50,FALSE) -> [] | T61: =IFERROR(VLOOKUP(TEXT(A61,"0"), inspection_detail_raw!A:BK, 51, FALSE), "알수없음") -> 20260717 | U61: =IFERROR(VLOOKUP(TEXT(A61,"0"), inspection_detail_raw!A:BK, 52, FALSE), "알수없음") -> 20220718 | V61: =IFERROR(VLOOKUP(TEXT(A61,"0"), inspection_detail_raw!A:BK, 54, FALSE), "알수없음") -> KMHL141EBNA249679 | W61: =IFERROR(VLOOKUP(TEXT(A61,"0"), inspection_detail_raw!A:BK, 57, FALSE), "알수없음") -> FALSE | X61: =IFERROR(VLOOKUP(TEXT(A61,"0"), inspection_detail_raw!A:BK, 59, FALSE), "알수없음") -> [] | Y61: =VLOOKUP(A61,vehicle_detail!$A$2:$DK$101,78,FALSE) -> ["10009", "10004", "10006", "10003", "10001", "10005"] | Z61: =VLOOKUP(A61,vehicle_detail!$A$2:$DK$101,80,FALSE) -> ["001", "004", "005", "006", "007", "008", "010", "014", "015", "017", "019", "020", "021", "022", "023", "024", "026", "027", "030", "031", "032", "033", "034", "035", "051", "055", "056", "057", "058", "072", "074", "075", "077", "079", "081", "082", "084", "085", "086", "087", "088", "094", "095", "096", "097"]
A62: 41151139 | B62: =VLOOKUP(A62,vehicle_detail!$A$2:$DK$101,111,FALSE) -> 275누2825 | C62: =VLOOKUP(A62,vehicle_detail!$A$2:$DK$101,101,FALSE) -> 흰색 | D62: =VLOOKUP(A62,list_100!$B$2:$P$101,9,FALSE) -> 현대 | E62: =VLOOKUP(A62,list_100!$B$2:$P$101,11,FALSE) -> 아반떼 (CN7) | F62: =VLOOKUP(A62,list_100!$B$2:$P$101,2,FALSE) -> 1.6 | G62: =VLOOKUP(A62,list_100!$B$2:$P$101,3,FALSE) -> 스마트 | H62: =VLOOKUP(A62,list_100!$B$2:$P$101,6,FALSE) -> 2022 | I62: =VLOOKUP(A62,list_100!$B$2:$P$101,7,FALSE) -> 가솔린 | J62: =VLOOKUP(A62,vehicle_detail!$A$2:$DK$101,100,FALSE) -> 준중형차 | K62: =VLOOKUP(A62,list_100!$B$2:$P$101,15,FALSE) -> 1480 | L62: =VLOOKUP(A62,list_100!$B$2:$P$101,10,FALSE) -> 58364 | M62: =VLOOKUP(A62,list_100!$B$2:$V$101,21,FALSE) -> 202202 | N62: =VLOOKUP(A62,seller_user!$A$2:$Y$101,2,FALSE) -> lsw30992288 | O62: =VLOOKUP(A62,seller_user!$A$2:$Y$101,25,FALSE) -> T카 용인매매센터 | P62: =VLOOKUP(A62,seller_user!$A$2:$Y$101,3,FALSE) -> [{"companyType": "FIRM", "companyName": "롯데렌탈", "brn": "214-87-79183", "associationCd": 28, "associationName": null, "associationPhoneNumber": null, "certificatedEmployeeNumber": "GC25-03404", "address": {"zipcode": "16994 ", "location": null, "sido": "경기", "sigungu": "용인시", "eupmyeondong": null, "eupmyeondongEtc": null, "address": "경기 용인시 기흥구 어정로 36", "buildingCd": "4146311700106410000000001"}, "contacts": null, "used": true}] | Q62: =VLOOKUP(A62,inspection_detail_raw!A62:BK161,4,FALSE) -> ["TABLE"] | R62: =IFERROR("https://ci.encar.com"&VLOOKUP(A62,'성능점검 이미지정보'!A:E,2,FALSE),"") | S62: =VLOOKUP(A62,inspection_detail_raw!A62:BK161,50,FALSE) -> [{"code": "1", "title": "렌트"}] | T62: =IFERROR(VLOOKUP(TEXT(A62,"0"), inspection_detail_raw!A:BK, 51, FALSE), "알수없음") -> 20260214 | U62: =IFERROR(VLOOKUP(TEXT(A62,"0"), inspection_detail_raw!A:BK, 52, FALSE), "알수없음") -> 20250215 | V62: =IFERROR(VLOOKUP(TEXT(A62,"0"), inspection_detail_raw!A:BK, 54, FALSE), "알수없음") -> KMHLL41EENU322580 | W62: =IFERROR(VLOOKUP(TEXT(A62,"0"), inspection_detail_raw!A:BK, 57, FALSE), "알수없음") -> TRUE | X62: =IFERROR(VLOOKUP(TEXT(A62,"0"), inspection_detail_raw!A:BK, 59, FALSE), "알수없음") -> [{"type": {"code": "P034", "title": "리어 도어(우)"}, "statusTypes": [{"code": "W", "title": "판금/용접"}], "attributes": ["RANK_ONE"]}, {"type": {"code": "P011", "title": "후드"}, "statusTypes": [{"code": "X", "title": "교환(교체)"}], "attributes": ["RANK_ONE"]}, {"type": {"code": "P041", "title": "트렁크 리드"}, "statusTypes": [{"code": "X", "title": "교환(교체)"}], "attributes": ["RANK_ONE"]}, {"type": {"code": "P062", "title": "쿼터 패널(우)"}, "statusTypes": [{"code": "W", "title": "판금/용접"}], "attributes": ["RANK_TWO"]}, {"type": {"code": "P082", "title": "사이드실 패널(우)"}, "statusTypes": [{"code": "W", "title": "판금/용접"}], "attributes": ["RANK_TWO"]}] | Y62: =VLOOKUP(A62,vehicle_detail!$A$2:$DK$101,78,FALSE) -> ["1160", "10001", "1162"] | Z62: =VLOOKUP(A62,vehicle_detail!$A$2:$DK$101,80,FALSE) -> ["001", "004", "005", "006", "007", "008", "014", "015", "019", "020", "023", "024", "026", "027", "030", "031", "032", "033", "055", "056", "057", "058", "068", "072", "074", "088", "096", "097"]
A63: 41149660 | B63: =VLOOKUP(A63,vehicle_detail!$A$2:$DK$101,111,FALSE) -> 11고9428 | C63: =VLOOKUP(A63,vehicle_detail!$A$2:$DK$101,101,FALSE) -> 흰색 | D63: =VLOOKUP(A63,list_100!$B$2:$P$101,9,FALSE) -> 현대 | E63: =VLOOKUP(A63,list_100!$B$2:$P$101,11,FALSE) -> 아반떼 XD | F63: =VLOOKUP(A63,list_100!$B$2:$P$101,2,FALSE) -> 1.5 DOHC 디럭스 | G63: =VLOOKUP(A63,list_100!$B$2:$P$101,3,FALSE) -> 기본형 | H63: =VLOOKUP(A63,list_100!$B$2:$P$101,6,FALSE) -> 2001 | I63: =VLOOKUP(A63,list_100!$B$2:$P$101,7,FALSE) -> 가솔린 | J63: =VLOOKUP(A63,vehicle_detail!$A$2:$DK$101,100,FALSE) -> 준중형차 | K63: =VLOOKUP(A63,list_100!$B$2:$P$101,15,FALSE) -> 220 | L63: =VLOOKUP(A63,list_100!$B$2:$P$101,10,FALSE) -> 72994 | M63: =VLOOKUP(A63,list_100!$B$2:$V$101,21,FALSE) -> 200107 | N63: =VLOOKUP(A63,seller_user!$A$2:$Y$101,2,FALSE) -> kami0870 | O63: =VLOOKUP(A63,seller_user!$A$2:$Y$101,25,FALSE) -> 이준호 | P63: =VLOOKUP(A63,seller_user!$A$2:$Y$101,3,FALSE) -> [{"companyType": "FIRM", "companyName": "지니모터스", "brn": "313-11-63019", "associationCd": 3, "associationName": "대구 자동차매매사업조합", "associationPhoneNumber": "053-341-7788", "certificatedEmployeeNumber": "2305300244", "address": {"zipcode": "41844 ", "location": null, "sido": "대구", "sigungu": "서구", "eupmyeondong": null, "eupmyeondongEtc": null, "address": "대구 서구", "buildingCd": "2717010500111200009022740"}, "contacts": null, "used": true}] | Q63: =VLOOKUP(A63,inspection_detail_raw!A63:BK162,4,FALSE) -> ["TABLE"] | R63: =IFERROR("https://ci.encar.com"&VLOOKUP(A63,'성능점검 이미지정보'!A:E,2,FALSE),"") -> https://ci.encar.com/carsdata/cars/inspection/41149660_photoFront.jpg | S63: =VLOOKUP(A63,inspection_detail_raw!A63:BK162,50,FALSE) -> [] | T63: =IFERROR(VLOOKUP(TEXT(A63,"0"), inspection_detail_raw!A:BK, 51, FALSE), "알수없음") -> 20270717 | U63: =IFERROR(VLOOKUP(TEXT(A63,"0"), inspection_detail_raw!A:BK, 52, FALSE), "알수없음") -> 20250718 | V63: =IFERROR(VLOOKUP(TEXT(A63,"0"), inspection_detail_raw!A:BK, 54, FALSE), "알수없음") -> 249180 | W63: =IFERROR(VLOOKUP(TEXT(A63,"0"), inspection_detail_raw!A:BK, 57, FALSE), "알수없음") -> TRUE | X63: =IFERROR(VLOOKUP(TEXT(A63,"0"), inspection_detail_raw!A:BK, 59, FALSE), "알수없음") -> [{"type": {"code": "P034", "title": "리어 도어(우)"}, "statusTypes": [{"code": "W", "title": "판금/용접"}], "attributes": ["RANK_ONE"]}] | Y63: =VLOOKUP(A63,vehicle_detail!$A$2:$DK$101,78,FALSE) -> [] | Z63: =VLOOKUP(A63,vehicle_detail!$A$2:$DK$101,80,FALSE) -> ["007", "008", "014", "017", "023", "024", "026"]
A64: 41148444 | B64: =VLOOKUP(A64,vehicle_detail!$A$2:$DK$101,111,FALSE) -> 139저1277 | C64: =VLOOKUP(A64,vehicle_detail!$A$2:$DK$101,101,FALSE) -> 검정색 | D64: =VLOOKUP(A64,list_100!$B$2:$P$101,9,FALSE) -> 현대 | E64: =VLOOKUP(A64,list_100!$B$2:$P$101,11,FALSE) -> 더 뉴 싼타페 | F64: =VLOOKUP(A64,list_100!$B$2:$P$101,2,FALSE) -> 가솔린 2.5T 2WD | G64: =VLOOKUP(A64,list_100!$B$2:$P$101,3,FALSE) -> 캘리그래피 | H64: =VLOOKUP(A64,list_100!$B$2:$P$101,6,FALSE) -> 2021 | I64: =VLOOKUP(A64,list_100!$B$2:$P$101,7,FALSE) -> 가솔린 | J64: =VLOOKUP(A64,vehicle_detail!$A$2:$DK$101,100,FALSE) -> SUV | K64: =VLOOKUP(A64,list_100!$B$2:$P$101,15,FALSE) -> 3180 | L64: =VLOOKUP(A64,list_100!$B$2:$P$101,10,FALSE) -> 56571 | M64: =VLOOKUP(A64,list_100!$B$2:$V$101,21,FALSE) -> 202103 | N64: =VLOOKUP(A64,seller_user!$A$2:$Y$101,2,FALSE) -> silvercoin | O64: =VLOOKUP(A64,seller_user!$A$2:$Y$101,25,FALSE) -> 이상근 | P64: =VLOOKUP(A64,seller_user!$A$2:$Y$101,3,FALSE) -> [{"companyType": "FIRM", "companyName": "주뉴카뱅크", "brn": "878-88-01400", "associationCd": 0, "associationName": "서울 자동차매매사업조합", "associationPhoneNumber": "02-847-3448", "certificatedEmployeeNumber": "SE23-00505", "address": {"zipcode": "06378 ", "location": null, "sido": "서울", "sigungu": "강남구", "eupmyeondong": null, "eupmyeondongEtc": null, "address": "서울 강남구", "buildingCd": "1168011300101080009000001"}, "contacts": null, "used": true}] | Q64: =VLOOKUP(A64,inspection_detail_raw!A64:BK163,4,FALSE) -> ["IMAGE"] | R64: =IFERROR("https://ci.encar.com"&VLOOKUP(A64,'성능점검 이미지정보'!A:E,2,FALSE),"") -> https://ci.encar.com/carsdata/cars/inspection/41148444_I1.jpg | S64: =VLOOKUP(A64,inspection_detail_raw!A64:BK163,50,FALSE) -> 0 | T64: =IFERROR(VLOOKUP(TEXT(A64,"0"), inspection_detail_raw!A:BK, 51, FALSE), "알수없음") -> 0 | U64: =IFERROR(VLOOKUP(TEXT(A64,"0"), inspection_detail_raw!A:BK, 52, FALSE), "알수없음") -> 0 | V64: =IFERROR(VLOOKUP(TEXT(A64,"0"), inspection_detail_raw!A:BK, 54, FALSE), "알수없음") -> 0 | W64: =IFERROR(VLOOKUP(TEXT(A64,"0"), inspection_detail_raw!A:BK, 57, FALSE), "알수없음") -> FALSE | X64: =IFERROR(VLOOKUP(TEXT(A64,"0"), inspection_detail_raw!A:BK, 59, FALSE), "알수없음") -> [] | Y64: =VLOOKUP(A64,vehicle_detail!$A$2:$DK$101,78,FALSE) -> ["10002", "1063", "10001"] | Z64: =VLOOKUP(A64,vehicle_detail!$A$2:$DK$101,80,FALSE) -> ["001", "004", "005", "006", "007", "008", "010", "014", "015", "017", "019", "020", "021", "022", "023", "024", "026", "027", "030", "031", "032", "033", "034", "035", "051", "055", "056", "057", "058", "059", "062", "063", "072", "074", "075", "077", "079", "081", "082", "084", "085", "086", "087", "088", "094", "095", "096", "097"]
A65: 41146024 | B65: =VLOOKUP(A65,vehicle_detail!$A$2:$DK$101,111,FALSE) -> 397모4744 | C65: =VLOOKUP(A65,vehicle_detail!$A$2:$DK$101,101,FALSE) -> 검정색 | D65: =VLOOKUP(A65,list_100!$B$2:$P$101,9,FALSE) -> 현대 | E65: =VLOOKUP(A65,list_100!$B$2:$P$101,11,FALSE) -> 그랜저 IG | F65: =VLOOKUP(A65,list_100!$B$2:$P$101,2,FALSE) -> 3.0 익스클루시브 | G65: =VLOOKUP(A65,list_100!$B$2:$P$101,3,FALSE) -> 스페셜 | H65: =VLOOKUP(A65,list_100!$B$2:$P$101,6,FALSE) -> 2018 | I65: =VLOOKUP(A65,list_100!$B$2:$P$101,7,FALSE) -> 가솔린 | J65: =VLOOKUP(A65,vehicle_detail!$A$2:$DK$101,100,FALSE) -> 대형차 | K65: =VLOOKUP(A65,list_100!$B$2:$P$101,15,FALSE) -> 1290 | L65: =VLOOKUP(A65,list_100!$B$2:$P$101,10,FALSE) -> 155482 | M65: =VLOOKUP(A65,list_100!$B$2:$V$101,21,FALSE) -> 201804 | N65: =VLOOKUP(A65,seller_user!$A$2:$Y$101,2,FALSE) -> zuzusl | O65: =VLOOKUP(A65,seller_user!$A$2:$Y$101,25,FALSE) -> 이경준 | P65: =VLOOKUP(A65,seller_user!$A$2:$Y$101,3,FALSE) -> [{"companyType": "FIRM", "companyName": "모던모터스 대표", "brn": "218-02-61349", "associationCd": 3, "associationName": null, "associationPhoneNumber": null, "certificatedEmployeeNumber": "17-053-00212", "address": {"zipcode": "41080 ", "location": null, "sido": "대구", "sigungu": "동구", "eupmyeondong": null, "eupmyeondongEtc": null, "address": "대구 동구 안심로69길 35", "buildingCd": "2714012400106380006032957"}, "contacts": null, "used": true}] | Q65: =VLOOKUP(A65,inspection_detail_raw!A65:BK164,4,FALSE) -> ["TABLE"] | R65: =IFERROR("https://ci.encar.com"&VLOOKUP(A65,'성능점검 이미지정보'!A:E,2,FALSE),"") | S65: =VLOOKUP(A65,inspection_detail_raw!A65:BK164,50,FALSE) -> [] | T65: =IFERROR(VLOOKUP(TEXT(A65,"0"), inspection_detail_raw!A:BK, 51, FALSE), "알수없음") -> 20270401 | U65: =IFERROR(VLOOKUP(TEXT(A65,"0"), inspection_detail_raw!A:BK, 52, FALSE), "알수없음") -> 20250402 | V65: =IFERROR(VLOOKUP(TEXT(A65,"0"), inspection_detail_raw!A:BK, 54, FALSE), "알수없음") -> 159724 | W65: =IFERROR(VLOOKUP(TEXT(A65,"0"), inspection_detail_raw!A:BK, 57, FALSE), "알수없음") -> TRUE | X65: =IFERROR(VLOOKUP(TEXT(A65,"0"), inspection_detail_raw!A:BK, 59, FALSE), "알수없음") -> [{"type": {"code": "P022", "title": "프론트 휀더(우)"}, "statusTypes": [{"code": "X", "title": "교환(교체)"}], "attributes": ["RANK_ONE"]}] | Y65: =VLOOKUP(A65,vehicle_detail!$A$2:$DK$101,78,FALSE) -> [] | Z65: =VLOOKUP(A65,vehicle_detail!$A$2:$DK$101,80,FALSE) -> ["001", "004", "005", "006", "007", "008", "014", "015", "017", "019", "020", "021", "022", "023", "024", "026", "027", "030", "031", "032", "033", "034", "035", "051", "055", "056", "057", "058", "059", "063", "068", "071", "072", "074", "075", "077", "081", "082", "083", "085", "086", "087", "092", "093", "094", "096", "097"]
A66: 40403035 | B66: =VLOOKUP(A66,vehicle_detail!$A$2:$DK$101,111,FALSE) -> 201모8157 | C66: =VLOOKUP(A66,vehicle_detail!$A$2:$DK$101,101,FALSE) -> 검정색 | D66: =VLOOKUP(A66,list_100!$B$2:$P$101,9,FALSE) -> 현대 | E66: =VLOOKUP(A66,list_100!$B$2:$P$101,11,FALSE) -> 투싼 (NX4) | F66: =VLOOKUP(A66,list_100!$B$2:$P$101,2,FALSE) -> 가솔린 1.6 터보 2WD | G66: =VLOOKUP(A66,list_100!$B$2:$P$101,3,FALSE) -> 프리미엄 | H66: =VLOOKUP(A66,list_100!$B$2:$P$101,6,FALSE) -> 2023 | I66: =VLOOKUP(A66,list_100!$B$2:$P$101,7,FALSE) -> 가솔린 | J66: =VLOOKUP(A66,vehicle_detail!$A$2:$DK$101,100,FALSE) -> SUV | K66: =VLOOKUP(A66,list_100!$B$2:$P$101,15,FALSE) -> 2550 | L66: =VLOOKUP(A66,list_100!$B$2:$P$101,10,FALSE) -> 58901 | M66: =VLOOKUP(A66,list_100!$B$2:$V$101,21,FALSE) -> 202306 | N66: =VLOOKUP(A66,seller_user!$A$2:$Y$101,2,FALSE) -> kdy1007 | O66: =VLOOKUP(A66,seller_user!$A$2:$Y$101,25,FALSE) -> 간건우 | P66: =VLOOKUP(A66,seller_user!$A$2:$Y$101,3,FALSE) -> [{"companyType": "FIRM", "companyName": "(주)태양모터스", "brn": "704-86-02384", "associationCd": 11, "associationName": "충남 자동차매매사업조합", "associationPhoneNumber": "041-572-8444", "certificatedEmployeeNumber": "대2022-2-002", "address": {"zipcode": "31068 ", "location": null, "sido": "충남", "sigungu": "천안시 동남구", "eupmyeondong": null, "eupmyeondongEtc": null, "address": "충남 천안시 동남구 유량로 108", "buildingCd": "4413111200103530001000001"}, "contacts": null, "used": true}] | Q66: =VLOOKUP(A66,inspection_detail_raw!A66:BK165,4,FALSE) -> ["TABLE"] | R66: =IFERROR("https://ci.encar.com"&VLOOKUP(A66,'성능점검 이미지정보'!A:E,2,FALSE),"") | S66: =VLOOKUP(A66,inspection_detail_raw!A66:BK165,50,FALSE) -> [] | T66: =IFERROR(VLOOKUP(TEXT(A66,"0"), inspection_detail_raw!A:BK, 51, FALSE), "알수없음") -> 20270611 | U66: =IFERROR(VLOOKUP(TEXT(A66,"0"), inspection_detail_raw!A:BK, 52, FALSE), "알수없음") -> 20230612 | V66: =IFERROR(VLOOKUP(TEXT(A66,"0"), inspection_detail_raw!A:BK, 54, FALSE), "알수없음") -> KMHJC81BGPU265496 | W66: =IFERROR(VLOOKUP(TEXT(A66,"0"), inspection_detail_raw!A:BK, 57, FALSE), "알수없음") -> FALSE | X66: =IFERROR(VLOOKUP(TEXT(A66,"0"), inspection_detail_raw!A:BK, 59, FALSE), "알수없음") -> [] | Y66: =VLOOKUP(A66,vehicle_detail!$A$2:$DK$101,78,FALSE) -> [] | Z66: =VLOOKUP(A66,vehicle_detail!$A$2:$DK$101,80,FALSE) -> ["001", "004", "005", "006", "007", "008", "014", "015", "017", "019", "020", "022", "023", "024", "026", "027", "030", "031", "032", "033", "034", "055", "056", "057", "058", "062", "068", "072", "074", "077", "081", "082", "084", "085", "088", "094", "096", "097"]
A67: 40788412 | B67: =VLOOKUP(A67,vehicle_detail!$A$2:$DK$101,111,FALSE) -> 269라2787 | C67: =VLOOKUP(A67,vehicle_detail!$A$2:$DK$101,101,FALSE) -> 쥐색 | D67: =VLOOKUP(A67,list_100!$B$2:$P$101,9,FALSE) -> 현대 | E67: =VLOOKUP(A67,list_100!$B$2:$P$101,11,FALSE) -> 더 뉴 팰리세이드 | F67: =VLOOKUP(A67,list_100!$B$2:$P$101,2,FALSE) -> 디젤 2.2 2WD | G67: =VLOOKUP(A67,list_100!$B$2:$P$101,3,FALSE) -> 익스클루시브 | H67: =VLOOKUP(A67,list_100!$B$2:$P$101,6,FALSE) -> 2023 | I67: =VLOOKUP(A67,list_100!$B$2:$P$101,7,FALSE) -> 디젤 | J67: =VLOOKUP(A67,vehicle_detail!$A$2:$DK$101,100,FALSE) -> SUV | K67: =VLOOKUP(A67,list_100!$B$2:$P$101,15,FALSE) -> 3400 | L67: =VLOOKUP(A67,list_100!$B$2:$P$101,10,FALSE) -> 77880 | M67: =VLOOKUP(A67,list_100!$B$2:$V$101,21,FALSE) -> 202304 | N67: =VLOOKUP(A67,seller_user!$A$2:$Y$101,2,FALSE) -> rnjsduddls | O67: =VLOOKUP(A67,seller_user!$A$2:$Y$101,25,FALSE) -> 권영인 | P67: =VLOOKUP(A67,seller_user!$A$2:$Y$101,3,FALSE) -> [{"companyType": "FIRM", "companyName": "(주)시우자동차", "brn": "347-87-00540", "associationCd": 27, "associationName": "인천엠파크 자동차매매사업조합", "associationPhoneNumber": "032-715-5533", "certificatedEmployeeNumber": "IM17-02903", "address": {"zipcode": "22836 ", "location": null, "sido": "인천", "sigungu": "서구", "eupmyeondong": null, "eupmyeondongEtc": null, "address": "인천 서구", "buildingCd": "2826011200101500019000001"}, "contacts": null, "used": true}] | Q67: =VLOOKUP(A67,inspection_detail_raw!A67:BK166,4,FALSE) -> ["TABLE"] | R67: =IFERROR("https://ci.encar.com"&VLOOKUP(A67,'성능점검 이미지정보'!A:E,2,FALSE),"") | S67: =VLOOKUP(A67,inspection_detail_raw!A67:BK166,50,FALSE) -> [{"code": "1", "title": "렌트"}] | T67: =IFERROR(VLOOKUP(TEXT(A67,"0"), inspection_detail_raw!A:BK, 51, FALSE), "알수없음") -> 20260424 | U67: =IFERROR(VLOOKUP(TEXT(A67,"0"), inspection_detail_raw!A:BK, 52, FALSE), "알수없음") -> 20250425 | V67: =IFERROR(VLOOKUP(TEXT(A67,"0"), inspection_detail_raw!A:BK, 54, FALSE), "알수없음") -> KMHR281ABPU624522 | W67: =IFERROR(VLOOKUP(TEXT(A67,"0"), inspection_detail_raw!A:BK, 57, FALSE), "알수없음") -> TRUE | X67: =IFERROR(VLOOKUP(TEXT(A67,"0"), inspection_detail_raw!A:BK, 59, FALSE), "알수없음") -> [{"type": {"code": "P021", "title": "프론트 휀더(좌)"}, "statusTypes": [{"code": "X", "title": "교환(교체)"}], "attributes": ["RANK_ONE"]}] | Y67: =VLOOKUP(A67,vehicle_detail!$A$2:$DK$101,78,FALSE) -> ["1063"] | Z67: =VLOOKUP(A67,vehicle_detail!$A$2:$DK$101,80,FALSE) -> ["001", "004", "005", "006", "007", "008", "014", "015", "017", "019", "020", "021", "022", "023", "024", "026", "027", "030", "031", "032", "033", "034", "051", "055", "056", "057", "058", "062", "063", "072", "074", "075", "077", "079", "082", "083", "084", "085", "086", "087", "088", "094", "096", "097"]
A68: 40211340 | B68: =VLOOKUP(A68,vehicle_detail!$A$2:$DK$101,111,FALSE) -> 236모7370 | C68: =VLOOKUP(A68,vehicle_detail!$A$2:$DK$101,101,FALSE) -> 흰색 | D68: =VLOOKUP(A68,list_100!$B$2:$P$101,9,FALSE) -> 현대 | E68: =VLOOKUP(A68,list_100!$B$2:$P$101,11,FALSE) -> 싼타페 (MX5) | F68: =VLOOKUP(A68,list_100!$B$2:$P$101,2,FALSE) -> 가솔린 2.5T 4WD | G68: =VLOOKUP(A68,list_100!$B$2:$P$101,3,FALSE) -> 캘리그래피 | H68: =VLOOKUP(A68,list_100!$B$2:$P$101,6,FALSE) -> 2024 | I68: =VLOOKUP(A68,list_100!$B$2:$P$101,7,FALSE) -> 가솔린 | J68: =VLOOKUP(A68,vehicle_detail!$A$2:$DK$101,100,FALSE) -> SUV | K68: =VLOOKUP(A68,list_100!$B$2:$P$101,15,FALSE) -> 4299 | L68: =VLOOKUP(A68,list_100!$B$2:$P$101,10,FALSE) -> 19480 | M68: =VLOOKUP(A68,list_100!$B$2:$V$101,21,FALSE) -> 202403 | N68: =VLOOKUP(A68,seller_user!$A$2:$Y$101,2,FALSE) -> mmm486 | O68: =VLOOKUP(A68,seller_user!$A$2:$Y$101,25,FALSE) -> 서민호 | P68: =VLOOKUP(A68,seller_user!$A$2:$Y$101,3,FALSE) -> [{"companyType": "FIRM", "companyName": "카보스", "brn": "772-45-00386", "associationCd": 23, "associationName": null, "associationPhoneNumber": null, "certificatedEmployeeNumber": "1905300036", "address": {"zipcode": "41076 ", "location": null, "sido": "대구", "sigungu": "동구", "eupmyeondong": null, "eupmyeondongEtc": null, "address": "대구 동구", "buildingCd": "2714012400104800001025121"}, "contacts": null, "used": true}] | Q68: =VLOOKUP(A68,inspection_detail_raw!A68:BK167,4,FALSE) -> ["TABLE"] | R68: =IFERROR("https://ci.encar.com"&VLOOKUP(A68,'성능점검 이미지정보'!A:E,2,FALSE),"") | S68: =VLOOKUP(A68,inspection_detail_raw!A68:BK167,50,FALSE) -> [{"code": "1", "title": "렌트"}] | T68: =IFERROR(VLOOKUP(TEXT(A68,"0"), inspection_detail_raw!A:BK, 51, FALSE), "알수없음") -> 20260327 | U68: =IFERROR(VLOOKUP(TEXT(A68,"0"), inspection_detail_raw!A:BK, 52, FALSE), "알수없음") -> 20240328 | V68: =IFERROR(VLOOKUP(TEXT(A68,"0"), inspection_detail_raw!A:BK, 54, FALSE), "알수없음") -> KMHP581LHRU | W68: =IFERROR(VLOOKUP(TEXT(A68,"0"), inspection_detail_raw!A:BK, 57, FALSE), "알수없음") -> FALSE | X68: =IFERROR(VLOOKUP(TEXT(A68,"0"), inspection_detail_raw!A:BK, 59, FALSE), "알수없음") -> [] | Y68: =VLOOKUP(A68,vehicle_detail!$A$2:$DK$101,78,FALSE) -> ["10008", "10005", "1118", "10003", "10002", "10004", "10001", "1120"] | Z68: =VLOOKUP(A68,vehicle_detail!$A$2:$DK$101,80,FALSE) -> ["001", "004", "005", "006", "007", "008", "010", "014", "015", "017", "019", "020", "021", "022", "023", "024", "026", "027", "030", "031", "032", "033", "034", "035", "051", "055", "056", "057", "058", "059", "062", "063", "072", "074", "075", "077", "079", "081", "082", "083", "084", "085", "086", "087", "088", "089", "091", "092", "094", "095", "096", "097"]
A69: 40349454 | B69: =VLOOKUP(A69,vehicle_detail!$A$2:$DK$101,111,FALSE) -> 145어6438 | C69: =VLOOKUP(A69,vehicle_detail!$A$2:$DK$101,101,FALSE) -> 쥐색 | D69: =VLOOKUP(A69,list_100!$B$2:$P$101,9,FALSE) -> 현대 | E69: =VLOOKUP(A69,list_100!$B$2:$P$101,11,FALSE) -> 더 뉴 그랜저 IG | F69: =VLOOKUP(A69,list_100!$B$2:$P$101,2,FALSE) -> 2.5 | G69: =VLOOKUP(A69,list_100!$B$2:$P$101,3,FALSE) -> 프리미엄 초이스 | H69: =VLOOKUP(A69,list_100!$B$2:$P$101,6,FALSE) -> 2020 | I69: =VLOOKUP(A69,list_100!$B$2:$P$101,7,FALSE) -> 가솔린 | J69: =VLOOKUP(A69,vehicle_detail!$A$2:$DK$101,100,FALSE) -> 대형차 | K69: =VLOOKUP(A69,list_100!$B$2:$P$101,15,FALSE) -> 1860 | L69: =VLOOKUP(A69,list_100!$B$2:$P$101,10,FALSE) -> 60089 | M69: =VLOOKUP(A69,list_100!$B$2:$V$101,21,FALSE) -> 202006 | N69: =VLOOKUP(A69,seller_user!$A$2:$Y$101,2,FALSE) -> ashssw | O69: =VLOOKUP(A69,seller_user!$A$2:$Y$101,25,FALSE) -> 서송원 | P69: =VLOOKUP(A69,seller_user!$A$2:$Y$101,3,FALSE) -> [{"companyType": "FIRM", "companyName": "베스트자동차", "brn": "125-22-49022", "associationCd": 28, "associationName": "경기 자동차매매사업조합", "associationPhoneNumber": "031-242-8940", "certificatedEmployeeNumber": "10-031-03778", "address": {"zipcode": "17878 ", "location": null, "sido": "경기", "sigungu": "평택시", "eupmyeondong": null, "eupmyeondongEtc": null, "address": "경기 평택시", "buildingCd": "4122011700101210008001618"}, "contacts": null, "used": true}] | Q69: =VLOOKUP(A69,inspection_detail_raw!A69:BK168,4,FALSE) -> ["TABLE"] | R69: =IFERROR("https://ci.encar.com"&VLOOKUP(A69,'성능점검 이미지정보'!A:E,2,FALSE),"") | S69: =VLOOKUP(A69,inspection_detail_raw!A69:BK168,50,FALSE) -> [] | T69: =IFERROR(VLOOKUP(TEXT(A69,"0"), inspection_detail_raw!A:BK, 51, FALSE), "알수없음") -> 20260418 | U69: =IFERROR(VLOOKUP(TEXT(A69,"0"), inspection_detail_raw!A:BK, 52, FALSE), "알수없음") -> 20240419 | V69: =IFERROR(VLOOKUP(TEXT(A69,"0"), inspection_detail_raw!A:BK, 54, FALSE), "알수없음") -> 363712 | W69: =IFERROR(VLOOKUP(TEXT(A69,"0"), inspection_detail_raw!A:BK, 57, FALSE), "알수없음") -> TRUE | X69: =IFERROR(VLOOKUP(TEXT(A69,"0"), inspection_detail_raw!A:BK, 59, FALSE), "알수없음") -> [{"type": {"code": "P033", "title": "리어 도어(좌)"}, "statusTypes": [{"code": "X", "title": "교환(교체)"}], "attributes": ["RANK_ONE"]}, {"type": {"code": "P041", "title": "트렁크 리드"}, "statusTypes": [{"code": "X", "title": "교환(교체)"}], "attributes": ["RANK_ONE"]}, {"type": {"code": "P031", "title": "프론트 도어(좌)"}, "statusTypes": [{"code": "X", "title": "교환(교체)"}], "attributes": ["RANK_ONE"]}, {"type": {"code": "P061", "title": "쿼터 패널(좌)"}, "statusTypes": [{"code": "X", "title": "교환(교체)"}], "attributes": ["RANK_TWO"]}] | Y69: =VLOOKUP(A69,vehicle_detail!$A$2:$DK$101,78,FALSE) -> ["1042", "1040"] | Z69: =VLOOKUP(A69,vehicle_detail!$A$2:$DK$101,80,FALSE) -> ["001", "004", "005", "006", "007", "008", "014", "015", "017", "019", "020", "021", "022", "023", "024", "026", "027", "030", "031", "032", "033", "034", "035", "055", "056", "057", "058", "059", "063", "072", "074", "075", "077", "079", "081", "082", "084", "085", "086", "087", "088", "094", "096", "097"]
A70: 40815620 | B70: =VLOOKUP(A70,vehicle_detail!$A$2:$DK$101,111,FALSE) -> 57하7482 | C70: =VLOOKUP(A70,vehicle_detail!$A$2:$DK$101,101,FALSE) -> 검정색 | D70: =VLOOKUP(A70,list_100!$B$2:$P$101,9,FALSE) -> 현대 | E70: =VLOOKUP(A70,list_100!$B$2:$P$101,11,FALSE) -> 그랜저 IG | F70: =VLOOKUP(A70,list_100!$B$2:$P$101,2,FALSE) -> 3.0 LPi 모던 (렌터카) | G70: =VLOOKUP(A70,list_100!$B$2:$P$101,3,FALSE) -> 0 | H70: =VLOOKUP(A70,list_100!$B$2:$P$101,6,FALSE) -> 2018 | I70: =VLOOKUP(A70,list_100!$B$2:$P$101,7,FALSE) -> LPG(일반인 구입) | J70: =VLOOKUP(A70,vehicle_detail!$A$2:$DK$101,100,FALSE) -> 대형차 | K70: =VLOOKUP(A70,list_100!$B$2:$P$101,15,FALSE) -> 2895 | L70: =VLOOKUP(A70,list_100!$B$2:$P$101,10,FALSE) -> 180599 | M70: =VLOOKUP(A70,list_100!$B$2:$V$101,21,FALSE) -> 201805 | N70: =VLOOKUP(A70,seller_user!$A$2:$Y$101,2,FALSE) -> icar07072 | O70: =VLOOKUP(A70,seller_user!$A$2:$Y$101,25,FALSE) -> 전담 매니저 | P70: =VLOOKUP(A70,seller_user!$A$2:$Y$101,3,FALSE) -> [] | Q70: =VLOOKUP(A70,inspection_detail_raw!A70:BK169,4,FALSE) -> 0 | R70: =IFERROR("https://ci.encar.com"&VLOOKUP(A70,'성능점검 이미지정보'!A:E,2,FALSE),"") | S70: =VLOOKUP(A70,inspection_detail_raw!A70:BK169,50,FALSE) -> 0 | T70: =IFERROR(VLOOKUP(TEXT(A70,"0"), inspection_detail_raw!A:BK, 51, FALSE), "알수없음") -> 0 | U70: =IFERROR(VLOOKUP(TEXT(A70,"0"), inspection_detail_raw!A:BK, 52, FALSE), "알수없음") -> 0 | V70: =IFERROR(VLOOKUP(TEXT(A70,"0"), inspection_detail_raw!A:BK, 54, FALSE), "알수없음") -> 0 | W70: =IFERROR(VLOOKUP(TEXT(A70,"0"), inspection_detail_raw!A:BK, 57, FALSE), "알수없음") -> 0 | X70: =IFERROR(VLOOKUP(TEXT(A70,"0"), inspection_detail_raw!A:BK, 59, FALSE), "알수없음") -> 0 | Y70: =VLOOKUP(A70,vehicle_detail!$A$2:$DK$101,78,FALSE) -> [] | Z70: =VLOOKUP(A70,vehicle_detail!$A$2:$DK$101,80,FALSE) -> ["001", "004", "005", "006", "007", "008", "014", "015", "017", "019", "020", "021", "022", "023", "024", "026", "027", "030", "031", "032", "033", "034", "035", "055", "056", "057", "058", "063", "068", "071", "072", "074", "077", "082", "085", "096", "097"]
... A85: 39927353 | B85: =VLOOKUP(A85,vehicle_detail!$A$2:$DK$101,111,FALSE) -> 65모9217 | C85: =VLOOKUP(A85,vehicle_detail!$A$2:$DK$101,101,FALSE) -> 검정색 | D85: =VLOOKUP(A85,list_100!$B$2:$P$101,9,FALSE) -> 현대 | E85: =VLOOKUP(A85,list_100!$B$2:$P$101,11,FALSE) -> 제네시스 DH | F85: =VLOOKUP(A85,list_100!$B$2:$P$101,2,FALSE) -> G330 프리미엄 AWD | G85: =VLOOKUP(A85,list_100!$B$2:$P$101,3,FALSE) -> 0 | H85: =VLOOKUP(A85,list_100!$B$2:$P$101,6,FALSE) -> 2015 | I85: =VLOOKUP(A85,list_100!$B$2:$P$101,7,FALSE) -> 가솔린 | J85: =VLOOKUP(A85,vehicle_detail!$A$2:$DK$101,100,FALSE) -> 대형차 | K85: =VLOOKUP(A85,list_100!$B$2:$P$101,15,FALSE) -> 1149 | L85: =VLOOKUP(A85,list_100!$B$2:$P$101,10,FALSE) -> 158535 | M85: =VLOOKUP(A85,list_100!$B$2:$V$101,21,FALSE) -> 201501 | N85: =VLOOKUP(A85,seller_user!$A$2:$Y$101,2,FALSE) -> rla7910aa | O85: =VLOOKUP(A85,seller_user!$A$2:$Y$101,25,FALSE) -> 김정남 | P85: =VLOOKUP(A85,seller_user!$A$2:$Y$101,3,FALSE) -> [{"companyType": "FIRM", "companyName": "기운 모터스", "brn": "111-02-71420", "associationCd": 28, "associationName": "경기 자동차매매사업조합", "associationPhoneNumber": "031-242-8940", "certificatedEmployeeNumber": "GC21-00639", "address": {"zipcode": "15082 ", "location": null, "sido": "경기", "sigungu": "시흥시", "eupmyeondong": null, "eupmyeondongEtc": null, "address": "경기 시흥시", "buildingCd": "4139013200121670002019332"}, "contacts": null, "used": true}] | Q85: =VLOOKUP(A85,inspection_detail_raw!A85:BK184,4,FALSE) -> ["TABLE"] | R85: =IFERROR("https://ci.encar.com"&VLOOKUP(A85,'성능점검 이미지정보'!A:E,2,FALSE),"") | S85: =VLOOKUP(A85,inspection_detail_raw!A85:BK184,50,FALSE) -> [] | T85: =IFERROR(VLOOKUP(TEXT(A85,"0"), inspection_detail_raw!A:BK, 51, FALSE), "알수없음") -> 20270108 | U85: =IFERROR(VLOOKUP(TEXT(A85,"0"), inspection_detail_raw!A:BK, 52, FALSE), "알수없음") -> 20250109 | V85: =IFERROR(VLOOKUP(TEXT(A85,"0"), inspection_detail_raw!A:BK, 54, FALSE), "알수없음") -> KMHGM41DDFU073580 | W85: =IFERROR(VLOOKUP(TEXT(A85,"0"), inspection_detail_raw!A:BK, 57, FALSE), "알수없음") -> TRUE | X85: =IFERROR(VLOOKUP(TEXT(A85,"0"), inspection_detail_raw!A:BK, 59, FALSE), "알수없음") -> [{"type": {"code": "P022", "title": "프론트 휀더(우)"}, "statusTypes": [{"code": "X", "title": "교환(교체)"}], "attributes": ["RANK_ONE"]}, {"type": {"code": "P051", "title": "라디에이터 서포트(볼트체결부품)"}, "statusTypes": [{"code": "X", "title": "교환(교체)"}], "attributes": ["RANK_ONE"]}] | Y85: =VLOOKUP(A85,vehicle_detail!$A$2:$DK$101,78,FALSE) -> ["1002"] | Z85: =VLOOKUP(A85,vehicle_detail!$A$2:$DK$101,80,FALSE) -> ["001", "003", "004", "005", "006", "007", "008", "014", "015", "017", "019", "020", "021", "022", "023", "024", "026", "027", "029", "030", "031", "032", "033", "034", "035", "051", "055", "056", "057", "058", "063", "071", "072", "074", "077", "079", "081", "082", "083", "084", "085", "088", "092", "093", "094", "095", "096", "097"]
A86: 40006270 | B86: =VLOOKUP(A86,vehicle_detail!$A$2:$DK$101,111,FALSE) -> 78구8947 | C86: =VLOOKUP(A86,vehicle_detail!$A$2:$DK$101,101,FALSE) -> 검정색 | D86: =VLOOKUP(A86,list_100!$B$2:$P$101,9,FALSE) -> 현대 | E86: =VLOOKUP(A86,list_100!$B$2:$P$101,11,FALSE) -> 그랜드 스타렉스 | F86: =VLOOKUP(A86,list_100!$B$2:$P$101,2,FALSE) -> 12인승 왜건 | G86: =VLOOKUP(A86,list_100!$B$2:$P$101,3,FALSE) -> 스마트 | H86: =VLOOKUP(A86,list_100!$B$2:$P$101,6,FALSE) -> 2017 | I86: =VLOOKUP(A86,list_100!$B$2:$P$101,7,FALSE) -> 디젤 | J86: =VLOOKUP(A86,vehicle_detail!$A$2:$DK$101,100,FALSE) -> 승합차 | K86: =VLOOKUP(A86,list_100!$B$2:$P$101,15,FALSE) -> 1250 | L86: =VLOOKUP(A86,list_100!$B$2:$P$101,10,FALSE) -> 165406 | M86: =VLOOKUP(A86,list_100!$B$2:$V$101,21,FALSE) -> 201608 | N86: =VLOOKUP(A86,seller_user!$A$2:$Y$101,2,FALSE) -> yunwh300 | O86: =VLOOKUP(A86,seller_user!$A$2:$Y$101,25,FALSE) -> 윤원하 | P86: =VLOOKUP(A86,seller_user!$A$2:$Y$101,3,FALSE) -> [{"companyType": "FIRM", "companyName": "한국모터스", "brn": "508-02-95155", "associationCd": 8, "associationName": "경북 자동차매매사업조합", "associationPhoneNumber": "053-254-0555", "certificatedEmployeeNumber": "1905412057", "address": {"zipcode": "36621 ", "location": null, "sido": "경북", "sigungu": "안동시", "eupmyeondong": null, "eupmyeondongEtc": null, "address": "경북 안동시", "buildingCd": "4717025030107920001093523"}, "contacts": null, "used": true}] | Q86: =VLOOKUP(A86,inspection_detail_raw!A86:BK185,4,FALSE) -> ["IMAGE"] | R86: =IFERROR("https://ci.encar.com"&VLOOKUP(A86,'성능점검 이미지정보'!A:E,2,FALSE),"") -> https://ci.encar.com/carsdata/cars/inspection/40006270_I1.jpg | S86: =IFERROR(VLOOKUP(TEXT(A86,"0"), inspection_detail_raw!A:BK, 50, FALSE), "알수없음") -> 0 | T86: =IFERROR(VLOOKUP(TEXT(A86,"0"), inspection_detail_raw!A:BK, 51, FALSE), "알수없음") -> 0 | U86: =IFERROR(VLOOKUP(TEXT(A86,"0"), inspection_detail_raw!A:BK, 52, FALSE), "알수없음") -> 0 | V86: =IFERROR(VLOOKUP(TEXT(A86,"0"), inspection_detail_raw!A:BK, 54, FALSE), "알수없음") -> 0 | W86: =IFERROR(VLOOKUP(TEXT(A86,"0"), inspection_detail_raw!A:BK, 57, FALSE), "알수없음") -> TRUE | X86: =IFERROR(VLOOKUP(TEXT(A86,"0"), inspection_detail_raw!A:BK, 59, FALSE), "알수없음") -> [] | Y86: =VLOOKUP(A86,vehicle_detail!$A$2:$DK$101,78,FALSE) -> [] | Z86: =VLOOKUP(A86,vehicle_detail!$A$2:$DK$101,80,FALSE) -> ["001", "003", "006", "007", "008", "019", "024", "026", "027", "032", "033", "055", "071", "072"]
A87: 40730683 | B87: =VLOOKUP(A87,vehicle_detail!$A$2:$DK$101,111,FALSE) -> 253가8126 | C87: =VLOOKUP(A87,vehicle_detail!$A$2:$DK$101,101,FALSE) -> 흰색 | D87: =VLOOKUP(A87,list_100!$B$2:$P$101,9,FALSE) -> 현대 | E87: =VLOOKUP(A87,list_100!$B$2:$P$101,11,FALSE) -> 아반떼 AD | F87: =VLOOKUP(A87,list_100!$B$2:$P$101,2,FALSE) -> 1.6 GDI 스타일 | G87: =VLOOKUP(A87,list_100!$B$2:$P$101,3,FALSE) -> 0 | H87: =VLOOKUP(A87,list_100!$B$2:$P$101,6,FALSE) -> 2018 | I87: =VLOOKUP(A87,list_100!$B$2:$P$101,7,FALSE) -> 가솔린 | J87: =VLOOKUP(A87,vehicle_detail!$A$2:$DK$101,100,FALSE) -> 준중형차 | K87: =VLOOKUP(A87,list_100!$B$2:$P$101,15,FALSE) -> 920 | L87: =VLOOKUP(A87,list_100!$B$2:$P$101,10,FALSE) -> 90376 | M87: =VLOOKUP(A87,list_100!$B$2:$V$101,21,FALSE) -> 201806 | N87: =VLOOKUP(A87,seller_user!$A$2:$Y$101,2,FALSE) -> andi1122 | O87: =VLOOKUP(A87,seller_user!$A$2:$Y$101,25,FALSE) -> 김은석 | P87: =VLOOKUP(A87,seller_user!$A$2:$Y$101,3,FALSE) -> [{"companyType": "FIRM", "companyName": "세종자동차", "brn": "740-88-00732", "associationCd": 29, "associationName": "대전 자동차매매사업조합", "associationPhoneNumber": "042-222-1551", "certificatedEmployeeNumber": "1004201188", "address": {"zipcode": "34202 ", "location": null, "sido": "대전", "sigungu": "유성구", "eupmyeondong": null, "eupmyeondongEtc": null, "address": "대전 유성구", "buildingCd": "3020011600102360000016826"}, "contacts": null, "used": true}] | Q87: =VLOOKUP(A87,inspection_detail_raw!A87:BK186,4,FALSE) -> ["TABLE"] | R87: =IFERROR("https://ci.encar.com"&VLOOKUP(A87,'성능점검 이미지정보'!A:E,2,FALSE),"") -> https://ci.encar.com/carsdata/cars/inspection/40730683_photoFront.jpg | S87: =VLOOKUP(A87,inspection_detail_raw!A87:BK186,50,FALSE) -> [{"code": "1", "title": "렌트"}] | T87: =IFERROR(VLOOKUP(TEXT(A87,"0"), inspection_detail_raw!A:BK, 51, FALSE), "알수없음") -> 20260611 | U87: =IFERROR(VLOOKUP(TEXT(A87,"0"), inspection_detail_raw!A:BK, 52, FALSE), "알수없음") -> 20240612 | V87: =IFERROR(VLOOKUP(TEXT(A87,"0"), inspection_detail_raw!A:BK, 54, FALSE), "알수없음") -> KMHD641DBJU713807 | W87: =IFERROR(VLOOKUP(TEXT(A87,"0"), inspection_detail_raw!A:BK, 57, FALSE), "알수없음") -> TRUE | X87: =IFERROR(VLOOKUP(TEXT(A87,"0"), inspection_detail_raw!A:BK, 59, FALSE), "알수없음") -> [{"type": {"code": "P022", "title": "프론트 휀더(우)"}, "statusTypes": [{"code": "X", "title": "교환(교체)"}], "attributes": ["RANK_ONE"]}, {"type": {"code": "P011", "title": "후드"}, "statusTypes": [{"code": "X", "title": "교환(교체)"}], "attributes": ["RANK_ONE"]}, {"type": {"code": "P051", "title": "라디에이터 서포트(볼트체결부품)"}, "statusTypes": [{"code": "X", "title": "교환(교체)"}], "attributes": ["RANK_ONE"]}, {"type": {"code": "P021", "title": "프론트 휀더(좌)"}, "statusTypes": [{"code": "X", "title": "교환(교체)"}], "attributes": ["RANK_ONE"]}] | Y87: =VLOOKUP(A87,vehicle_detail!$A$2:$DK$101,78,FALSE) -> ["1132", "1131", "1125"] | Z87: =VLOOKUP(A87,vehicle_detail!$A$2:$DK$101,80,FALSE) -> ["001", "003", "005", "006", "007", "008", "014", "015", "019", "020", "024", "026", "027", "031", "032", "033", "055", "056", "058", "071", "072", "096"]
A88: 40918149 | B88: =VLOOKUP(A88,vehicle_detail!$A$2:$DK$101,111,FALSE) -> 357조7029 | C88: =VLOOKUP(A88,vehicle_detail!$A$2:$DK$101,101,FALSE) -> 흰색 | D88: =VLOOKUP(A88,list_100!$B$2:$P$101,9,FALSE) -> 현대 | E88: =VLOOKUP(A88,list_100!$B$2:$P$101,11,FALSE) -> 더 뉴 그랜저 IG | F88: =VLOOKUP(A88,list_100!$B$2:$P$101,2,FALSE) -> 2.5 | G88: =VLOOKUP(A88,list_100!$B$2:$P$101,3,FALSE) -> 르블랑 | H88: =VLOOKUP(A88,list_100!$B$2:$P$101,6,FALSE) -> 2023 | I88: =VLOOKUP(A88,list_100!$B$2:$P$101,7,FALSE) -> 가솔린 | J88: =VLOOKUP(A88,vehicle_detail!$A$2:$DK$101,100,FALSE) -> 대형차 | K88: =VLOOKUP(A88,list_100!$B$2:$P$101,15,FALSE) -> 2650 | L88: =VLOOKUP(A88,list_100!$B$2:$P$101,10,FALSE) -> 83448 | M88: =VLOOKUP(A88,list_100!$B$2:$V$101,21,FALSE) -> 202206 | N88: =VLOOKUP(A88,seller_user!$A$2:$Y$101,2,FALSE) -> hyeon6209 | O88: =VLOOKUP(A88,seller_user!$A$2:$Y$101,25,FALSE) -> 김수현 | P88: =VLOOKUP(A88,seller_user!$A$2:$Y$101,3,FALSE) -> [{"companyType": "FIRM", "companyName": "주식회사 설레임 오토모티브", "brn": "271-88-02160", "associationCd": 28, "associationName": "경기 자동차매매사업조합", "associationPhoneNumber": "031-242-8940", "certificatedEmployeeNumber": "GC20-05631", "address": {"zipcode": "16613 ", "location": null, "sido": "경기", "sigungu": "수원시 권선구", "eupmyeondong": null, "eupmyeondongEtc": null, "address": "경기 수원시 권선구", "buildingCd": "4111313100100790009000001"}, "contacts": null, "used": true}] | Q88: =VLOOKUP(A88,inspection_detail_raw!A88:BK187,4,FALSE) -> ["TABLE"] | R88: =IFERROR("https://ci.encar.com"&VLOOKUP(A88,'성능점검 이미지정보'!A:E,2,FALSE),"") | S88: =VLOOKUP(A88,inspection_detail_raw!A88:BK187,50,FALSE) -> [{"code": "1", "title": "렌트"}] | T88: =IFERROR(VLOOKUP(TEXT(A88,"0"), inspection_detail_raw!A:BK, 51, FALSE), "알수없음") -> 20260719 | U88: =IFERROR(VLOOKUP(TEXT(A88,"0"), inspection_detail_raw!A:BK, 52, FALSE), "알수없음") -> 20250720 | V88: =IFERROR(VLOOKUP(TEXT(A88,"0"), inspection_detail_raw!A:BK, 54, FALSE), "알수없음") -> KMHF141DBPA505259 | W88: =IFERROR(VLOOKUP(TEXT(A88,"0"), inspection_detail_raw!A:BK, 57, FALSE), "알수없음") -> FALSE | X88: =IFERROR(VLOOKUP(TEXT(A88,"0"), inspection_detail_raw!A:BK, 59, FALSE), "알수없음") -> [] | Y88: =VLOOKUP(A88,vehicle_detail!$A$2:$DK$101,78,FALSE) -> ["10003"] | Z88: =VLOOKUP(A88,vehicle_detail!$A$2:$DK$101,80,FALSE) -> ["001", "004", "005", "006", "007", "008", "014", "015", "017", "019", "020", "021", "022", "023", "024", "026", "027", "030", "031", "032", "033", "034", "035", "055", "056", "057", "058", "059", "063", "072", "074", "075", "077", "079", "081", "082", "084", "085", "086", "087", "088", "092", "094", "096", "097"]
A89: 40854743 | B89: =VLOOKUP(A89,vehicle_detail!$A$2:$DK$101,111,FALSE) -> 142호2450 | C89: =VLOOKUP(A89,vehicle_detail!$A$2:$DK$101,101,FALSE) -> 흰색 | D89: =VLOOKUP(A89,list_100!$B$2:$P$101,9,FALSE) -> 현대 | E89: =VLOOKUP(A89,list_100!$B$2:$P$101,11,FALSE) -> 쏘나타 디 엣지 하이브리드(DN8) | F89: =VLOOKUP(A89,list_100!$B$2:$P$101,2,FALSE) -> 프리미엄 | G89: =VLOOKUP(A89,list_100!$B$2:$P$101,3,FALSE) -> 0 | H89: =VLOOKUP(A89,list_100!$B$2:$P$101,6,FALSE) -> 2024 | I89: =VLOOKUP(A89,list_100!$B$2:$P$101,7,FALSE) -> 가솔린+전기 | J89: =VLOOKUP(A89,vehicle_detail!$A$2:$DK$101,100,FALSE) -> 중형차 | K89: =VLOOKUP(A89,list_100!$B$2:$P$101,15,FALSE) -> 9999 | L89: =VLOOKUP(A89,list_100!$B$2:$P$101,10,FALSE) -> 16300 | M89: =VLOOKUP(A89,list_100!$B$2:$V$101,21,FALSE) -> 202312 | N89: =VLOOKUP(A89,seller_user!$A$2:$Y$101,2,FALSE) -> tokky123 | O89: =VLOOKUP(A89,seller_user!$A$2:$Y$101,25,FALSE) -> 전담 매니저 | P89: =VLOOKUP(A89,seller_user!$A$2:$Y$101,3,FALSE) -> [] | Q89: =VLOOKUP(A89,inspection_detail_raw!A89:BK188,4,FALSE) -> 0 | R89: =IFERROR("https://ci.encar.com"&VLOOKUP(A89,'성능점검 이미지정보'!A:E,2,FALSE),"") | S89: =VLOOKUP(A89,inspection_detail_raw!A89:BK188,50,FALSE) -> 0 | T89: =IFERROR(VLOOKUP(TEXT(A89,"0"), inspection_detail_raw!A:BK, 51, FALSE), "알수없음") -> 0 | U89: =IFERROR(VLOOKUP(TEXT(A89,"0"), inspection_detail_raw!A:BK, 52, FALSE), "알수없음") -> 0 | V89: =IFERROR(VLOOKUP(TEXT(A89,"0"), inspection_detail_raw!A:BK, 54, FALSE), "알수없음") -> 0 | W89: =IFERROR(VLOOKUP(TEXT(A89,"0"), inspection_detail_raw!A:BK, 57, FALSE), "알수없음") -> 0 | X89: =IFERROR(VLOOKUP(TEXT(A89,"0"), inspection_detail_raw!A:BK, 59, FALSE), "알수없음") -> 0 | Y89: =VLOOKUP(A89,vehicle_detail!$A$2:$DK$101,78,FALSE) -> ["10008", "10005", "10004", "10001"] | Z89: =VLOOKUP(A89,vehicle_detail!$A$2:$DK$101,80,FALSE) -> ["001", "004", "005", "006", "007", "008", "014", "015", "017", "019", "020", "021", "022", "023", "024", "026", "027", "031", "032", "033", "034", "035", "055", "056", "057", "058", "068", "072", "074", "075", "077", "081", "082", "084", "085", "088", "094", "096", "097"]
A90: 40851329 | B90: =VLOOKUP(A90,vehicle_detail!$A$2:$DK$101,111,FALSE) -> 34호1474 | C90: =VLOOKUP(A90,vehicle_detail!$A$2:$DK$101,101,FALSE) -> 검정색 | D90: =VLOOKUP(A90,list_100!$B$2:$P$101,9,FALSE) -> 현대 | E90: =VLOOKUP(A90,list_100!$B$2:$P$101,11,FALSE) -> 그랜저 IG | F90: =VLOOKUP(A90,list_100!$B$2:$P$101,2,FALSE) -> 3.0 LPi 모던 (렌터카) | G90: =VLOOKUP(A90,list_100!$B$2:$P$101,3,FALSE) -> 0 | H90: =VLOOKUP(A90,list_100!$B$2:$P$101,6,FALSE) -> 2018 | I90: =VLOOKUP(A90,list_100!$B$2:$P$101,7,FALSE) -> LPG(일반인 구입) | J90: =VLOOKUP(A90,vehicle_detail!$A$2:$DK$101,100,FALSE) -> 대형차 | K90: =VLOOKUP(A90,list_100!$B$2:$P$101,15,FALSE) -> 9999 | L90: =VLOOKUP(A90,list_100!$B$2:$P$101,10,FALSE) -> 135300 | M90: =VLOOKUP(A90,list_100!$B$2:$V$101,21,FALSE) -> 201706 | N90: =VLOOKUP(A90,seller_user!$A$2:$Y$101,2,FALSE) -> tokky123 | O90: =VLOOKUP(A90,seller_user!$A$2:$Y$101,25,FALSE) -> 전담 매니저 | P90: =VLOOKUP(A90,seller_user!$A$2:$Y$101,3,FALSE) -> [] | Q90: =VLOOKUP(A90,inspection_detail_raw!A90:BK189,4,FALSE) -> 0 | R90: =IFERROR("https://ci.encar.com"&VLOOKUP(A90,'성능점검 이미지정보'!A:E,2,FALSE),"") | S90: =VLOOKUP(A90,inspection_detail_raw!A90:BK189,50,FALSE) -> 0 | T90: =IFERROR(VLOOKUP(TEXT(A90,"0"), inspection_detail_raw!A:BK, 51, FALSE), "알수없음") -> 0 | U90: =IFERROR(VLOOKUP(TEXT(A90,"0"), inspection_detail_raw!A:BK, 52, FALSE), "알수없음") -> 0 | V90: =IFERROR(VLOOKUP(TEXT(A90,"0"), inspection_detail_raw!A:BK, 54, FALSE), "알수없음") -> 0 | W90: =IFERROR(VLOOKUP(TEXT(A90,"0"), inspection_detail_raw!A:BK, 57, FALSE), "알수없음") -> 0 | X90: =IFERROR(VLOOKUP(TEXT(A90,"0"), inspection_detail_raw!A:BK, 59, FALSE), "알수없음") -> 0 | Y90: =VLOOKUP(A90,vehicle_detail!$A$2:$DK$101,78,FALSE) -> [] | Z90: =VLOOKUP(A90,vehicle_detail!$A$2:$DK$101,80,FALSE) -> ["001", "005", "006", "007", "008", "010", "014", "015", "017", "019", "020", "021", "022", "023", "024", "026", "027", "030", "031", "032", "033", "034", "035", "055", "056", "057", "058", "063", "068", "071", "072", "074", "077", "081", "082", "085", "096"]
A91: 40844342 | B91: =VLOOKUP(A91,vehicle_detail!$A$2:$DK$101,111,FALSE) -> 40수0581 | C91: =VLOOKUP(A91,vehicle_detail!$A$2:$DK$101,101,FALSE) -> 흰색 | D91: =VLOOKUP(A91,list_100!$B$2:$P$101,9,FALSE) -> 현대 | E91: =VLOOKUP(A91,list_100!$B$2:$P$101,11,FALSE) -> 제네시스 DH | F91: =VLOOKUP(A91,list_100!$B$2:$P$101,2,FALSE) -> G330 프리미엄 AWD | G91: =VLOOKUP(A91,list_100!$B$2:$P$101,3,FALSE) -> 0 | H91: =VLOOKUP(A91,list_100!$B$2:$P$101,6,FALSE) -> 2016 | I91: =VLOOKUP(A91,list_100!$B$2:$P$101,7,FALSE) -> 가솔린 | J91: =VLOOKUP(A91,vehicle_detail!$A$2:$DK$101,100,FALSE) -> 대형차 | K91: =VLOOKUP(A91,list_100!$B$2:$P$101,15,FALSE) -> 1700 | L91: =VLOOKUP(A91,list_100!$B$2:$P$101,10,FALSE) -> 60115 | M91: =VLOOKUP(A91,list_100!$B$2:$V$101,21,FALSE) -> 201511 | N91: =VLOOKUP(A91,seller_user!$A$2:$Y$101,2,FALSE) -> gleaming79 | O91: =VLOOKUP(A91,seller_user!$A$2:$Y$101,25,FALSE) -> 음희영 | P91: =VLOOKUP(A91,seller_user!$A$2:$Y$101,3,FALSE) -> [{"companyType": "FIRM", "companyName": "뉴AK모터스자동차매매상사", "brn": "705-10-00652", "associationCd": 27, "associationName": "인천엠파크 자동차매매사업조합", "associationPhoneNumber": "032-715-5533", "certificatedEmployeeNumber": "2023-2025", "address": {"zipcode": "22840 ", "location": null, "sido": "인천", "sigungu": "서구", "eupmyeondong": null, "eupmyeondongEtc": null, "address": "인천 서구", "buildingCd": "2826011200101780105000001"}, "contacts": null, "used": true}] | Q91: =VLOOKUP(A91,inspection_detail_raw!A91:BK190,4,FALSE) -> ["TABLE"] | R91: =IFERROR("https://ci.encar.com"&VLOOKUP(A91,'성능점검 이미지정보'!A:E,2,FALSE),"") | S91: =VLOOKUP(A91,inspection_detail_raw!A91:BK190,50,FALSE) -> [] | T91: =IFERROR(VLOOKUP(TEXT(A91,"0"), inspection_detail_raw!A:BK, 51, FALSE), "알수없음") -> 20251221 | U91: =IFERROR(VLOOKUP(TEXT(A91,"0"), inspection_detail_raw!A:BK, 52, FALSE), "알수없음") -> 20231222 | V91: =IFERROR(VLOOKUP(TEXT(A91,"0"), inspection_detail_raw!A:BK, 54, FALSE), "알수없음") -> KMHGM41DDGU142176 | W91: =IFERROR(VLOOKUP(TEXT(A91,"0"), inspection_detail_raw!A:BK, 57, FALSE), "알수없음") -> TRUE | X91: =IFERROR(VLOOKUP(TEXT(A91,"0"), inspection_detail_raw!A:BK, 59, FALSE), "알수없음") -> [{"type": {"code": "P033", "title": "리어 도어(좌)"}, "statusTypes": [{"code": "X", "title": "교환(교체)"}], "attributes": ["RANK_ONE"]}] | Y91: =VLOOKUP(A91,vehicle_detail!$A$2:$DK$101,78,FALSE) -> ["1001", "1007"] | Z91: =VLOOKUP(A91,vehicle_detail!$A$2:$DK$101,80,FALSE) -> ["001", "003", "004", "005", "006", "007", "008", "010", "014", "015", "017", "019", "020", "021", "022", "023", "024", "026", "027", "029", "030", "031", "032", "033", "034", "035", "051", "055", "056", "057", "058", "059", "063", "068", "071", "072", "074", "077", "081", "082", "083", "084", "085", "087", "092", "093", "094", "095", "096", "097"]
A92: 40928686 | B92: =VLOOKUP(A92,vehicle_detail!$A$2:$DK$101,111,FALSE) -> 47누5277 | C92: =VLOOKUP(A92,vehicle_detail!$A$2:$DK$101,101,FALSE) -> 흰색 | D92: =VLOOKUP(A92,list_100!$B$2:$P$101,9,FALSE) -> 현대 | E92: =VLOOKUP(A92,list_100!$B$2:$P$101,11,FALSE) -> 싼타페 더 프라임 | F92: =VLOOKUP(A92,list_100!$B$2:$P$101,2,FALSE) -> 디젤 2.0 2WD | G92: =VLOOKUP(A92,list_100!$B$2:$P$101,3,FALSE) -> 익스클루시브 스페셜 | H92: =VLOOKUP(A92,list_100!$B$2:$P$101,6,FALSE) -> 2016 | I92: =VLOOKUP(A92,list_100!$B$2:$P$101,7,FALSE) -> 디젤 | J92: =VLOOKUP(A92,vehicle_detail!$A$2:$DK$101,100,FALSE) -> SUV | K92: =VLOOKUP(A92,list_100!$B$2:$P$101,15,FALSE) -> 1610 | L92: =VLOOKUP(A92,list_100!$B$2:$P$101,10,FALSE) -> 78195 | M92: =VLOOKUP(A92,list_100!$B$2:$V$101,21,FALSE) -> 201506 | N92: =VLOOKUP(A92,seller_user!$A$2:$Y$101,2,FALSE) -> cho5136 | O92: =VLOOKUP(A92,seller_user!$A$2:$Y$101,25,FALSE) -> 조영주 | P92: =VLOOKUP(A92,seller_user!$A$2:$Y$101,3,FALSE) -> [{"companyType": "FIRM", "companyName": "(주)하나모터스", "brn": "804-88-00676", "associationCd": 0, "associationName": "강남 자동차매매사업조합", "associationPhoneNumber": "02-3414-7300", "certificatedEmployeeNumber": "SE22-01023", "address": {"zipcode": "06378 ", "location": null, "sido": "서울", "sigungu": "강남구", "eupmyeondong": null, "eupmyeondongEtc": null, "address": "서울 강남구 헌릉로745길 25", "buildingCd": "1168011300101080009000001"}, "contacts": null, "used": true}] | Q92: =VLOOKUP(A92,inspection_detail_raw!A92:BK191,4,FALSE) -> ["TABLE"] | R92: =IFERROR("https://ci.encar.com"&VLOOKUP(A92,'성능점검 이미지정보'!A:E,2,FALSE),"") | S92: =VLOOKUP(A92,inspection_detail_raw!A92:BK191,50,FALSE) -> [] | T92: =IFERROR(VLOOKUP(TEXT(A92,"0"), inspection_detail_raw!A:BK, 51, FALSE), "알수없음") -> 20270623 | U92: =IFERROR(VLOOKUP(TEXT(A92,"0"), inspection_detail_raw!A:BK, 52, FALSE), "알수없음") -> 20250624 | V92: =IFERROR(VLOOKUP(TEXT(A92,"0"), inspection_detail_raw!A:BK, 54, FALSE), "알수없음") -> KMHSW81UBGU532559 | W92: =IFERROR(VLOOKUP(TEXT(A92,"0"), inspection_detail_raw!A:BK, 57, FALSE), "알수없음") -> TRUE | X92: =IFERROR(VLOOKUP(TEXT(A92,"0"), inspection_detail_raw!A:BK, 59, FALSE), "알수없음") -> [{"type": {"code": "P021", "title": "프론트 휀더(좌)"}, "statusTypes": [{"code": "X", "title": "교환(교체)"}], "attributes": ["RANK_ONE"]}] | Y92: =VLOOKUP(A92,vehicle_detail!$A$2:$DK$101,78,FALSE) -> ["10008", "1019", "1002"] | Z92: =VLOOKUP(A92,vehicle_detail!$A$2:$DK$101,80,FALSE) -> ["001", "003", "004", "005", "006", "007", "008", "010", "014", "015", "017", "019", "020", "021", "022", "023", "024", "026", "027", "029", "030", "031", "032", "033", "034", "035", "051", "055", "056", "057", "058", "062", "063", "068", "071", "072", "074", "077", "081", "082", "085", "092", "094", "096", "097"]
A93: 40826466 | B93: =VLOOKUP(A93,vehicle_detail!$A$2:$DK$101,111,FALSE) -> 125호6117 | C93: =VLOOKUP(A93,vehicle_detail!$A$2:$DK$101,101,FALSE) -> 검정색 | D93: =VLOOKUP(A93,list_100!$B$2:$P$101,9,FALSE) -> 현대 | E93: =VLOOKUP(A93,list_100!$B$2:$P$101,11,FALSE) -> 스타리아 | F93: =VLOOKUP(A93,list_100!$B$2:$P$101,2,FALSE) -> 투어러 9인승 | G93: =VLOOKUP(A93,list_100!$B$2:$P$101,3,FALSE) -> 모던 | H93: =VLOOKUP(A93,list_100!$B$2:$P$101,6,FALSE) -> 2022 | I93: =VLOOKUP(A93,list_100!$B$2:$P$101,7,FALSE) -> 디젤 | J93: =VLOOKUP(A93,vehicle_detail!$A$2:$DK$101,100,FALSE) -> 승합차 | K93: =VLOOKUP(A93,list_100!$B$2:$P$101,15,FALSE) -> 9999 | L93: =VLOOKUP(A93,list_100!$B$2:$P$101,10,FALSE) -> 55500 | M93: =VLOOKUP(A93,list_100!$B$2:$V$101,21,FALSE) -> 202205 | N93: =VLOOKUP(A93,seller_user!$A$2:$Y$101,2,FALSE) -> tokky123 | O93: =VLOOKUP(A93,seller_user!$A$2:$Y$101,25,FALSE) -> 전담 매니저 | P93: =VLOOKUP(A93,seller_user!$A$2:$Y$101,3,FALSE) -> [] | Q93: =VLOOKUP(A93,inspection_detail_raw!A93:BK192,4,FALSE) -> 0 | R93: =IFERROR("https://ci.encar.com"&VLOOKUP(A93,'성능점검 이미지정보'!A:E,2,FALSE),"") | S93: =VLOOKUP(A93,inspection_detail_raw!A93:BK192,50,FALSE) -> 0 | T93: =IFERROR(VLOOKUP(TEXT(A93,"0"), inspection_detail_raw!A:BK, 51, FALSE), "알수없음") -> 0 | U93: =IFERROR(VLOOKUP(TEXT(A93,"0"), inspection_detail_raw!A:BK, 52, FALSE), "알수없음") -> 0 | V93: =IFERROR(VLOOKUP(TEXT(A93,"0"), inspection_detail_raw!A:BK, 54, FALSE), "알수없음") -> 0 | W93: =IFERROR(VLOOKUP(TEXT(A93,"0"), inspection_detail_raw!A:BK, 57, FALSE), "알수없음") -> 0 | X93: =IFERROR(VLOOKUP(TEXT(A93,"0"), inspection_detail_raw!A:BK, 59, FALSE), "알수없음") -> 0 | Y93: =VLOOKUP(A93,vehicle_detail!$A$2:$DK$101,78,FALSE) -> ["10002", "10001"] | Z93: =VLOOKUP(A93,vehicle_detail!$A$2:$DK$101,80,FALSE) -> ["001", "005", "006", "007", "008", "014", "015", "017", "019", "020", "022", "023", "024", "026", "027", "030", "031", "032", "033", "055", "056", "057", "058", "072", "079", "081", "082", "086", "088", "094", "096", "097"]
A94: 40826410 | B94: =VLOOKUP(A94,vehicle_detail!$A$2:$DK$101,111,FALSE) -> 125호7817 | C94: =VLOOKUP(A94,vehicle_detail!$A$2:$DK$101,101,FALSE) -> 검정색 | D94: =VLOOKUP(A94,list_100!$B$2:$P$101,9,FALSE) -> 현대 | E94: =VLOOKUP(A94,list_100!$B$2:$P$101,11,FALSE) -> 스타리아 | F94: =VLOOKUP(A94,list_100!$B$2:$P$101,2,FALSE) -> 투어러 9인승 | G94: =VLOOKUP(A94,list_100!$B$2:$P$101,3,FALSE) -> 모던 | H94: =VLOOKUP(A94,list_100!$B$2:$P$101,6,FALSE) -> 2023 | I94: =VLOOKUP(A94,list_100!$B$2:$P$101,7,FALSE) -> 디젤 | J94: =VLOOKUP(A94,vehicle_detail!$A$2:$DK$101,100,FALSE) -> 승합차 | K94: =VLOOKUP(A94,list_100!$B$2:$P$101,15,FALSE) -> 9999 | L94: =VLOOKUP(A94,list_100!$B$2:$P$101,10,FALSE) -> 39800 | M94: =VLOOKUP(A94,list_100!$B$2:$V$101,21,FALSE) -> 202211 | N94: =VLOOKUP(A94,seller_user!$A$2:$Y$101,2,FALSE) -> tokky123 | O94: =VLOOKUP(A94,seller_user!$A$2:$Y$101,25,FALSE) -> 전담 매니저 | P94: =VLOOKUP(A94,seller_user!$A$2:$Y$101,3,FALSE) -> [] | Q94: =VLOOKUP(A94,inspection_detail_raw!A94:BK193,4,FALSE) -> 0 | R94: =IFERROR("https://ci.encar.com"&VLOOKUP(A94,'성능점검 이미지정보'!A:E,2,FALSE),"") | S94: =VLOOKUP(A94,inspection_detail_raw!A94:BK193,50,FALSE) -> 0 | T94: =IFERROR(VLOOKUP(TEXT(A94,"0"), inspection_detail_raw!A:BK, 51, FALSE), "알수없음") -> 0 | U94: =IFERROR(VLOOKUP(TEXT(A94,"0"), inspection_detail_raw!A:BK, 52, FALSE), "알수없음") -> 0 | V94: =IFERROR(VLOOKUP(TEXT(A94,"0"), inspection_detail_raw!A:BK, 54, FALSE), "알수없음") -> 0 | W94: =IFERROR(VLOOKUP(TEXT(A94,"0"), inspection_detail_raw!A:BK, 57, FALSE), "알수없음") -> 0 | X94: =IFERROR(VLOOKUP(TEXT(A94,"0"), inspection_detail_raw!A:BK, 59, FALSE), "알수없음") -> 0 | Y94: =VLOOKUP(A94,vehicle_detail!$A$2:$DK$101,78,FALSE) -> ["10002", "10001"] | Z94: =VLOOKUP(A94,vehicle_detail!$A$2:$DK$101,80,FALSE) -> ["001", "005", "006", "007", "008", "014", "015", "017", "019", "020", "022", "023", "024", "026", "027", "030", "031", "032", "033", "055", "056", "057", "058", "072", "079", "081", "082", "086", "088", "094", "096", "097"]
A95: 40826273 | B95: =VLOOKUP(A95,vehicle_detail!$A$2:$DK$101,111,FALSE) -> 142호5080 | C95: =VLOOKUP(A95,vehicle_detail!$A$2:$DK$101,101,FALSE) -> 검정색 | D95: =VLOOKUP(A95,list_100!$B$2:$P$101,9,FALSE) -> 현대 | E95: =VLOOKUP(A95,list_100!$B$2:$P$101,11,FALSE) -> 스타리아 | F95: =VLOOKUP(A95,list_100!$B$2:$P$101,2,FALSE) -> 투어러 9인승 | G95: =VLOOKUP(A95,list_100!$B$2:$P$101,3,FALSE) -> 모던 | H95: =VLOOKUP(A95,list_100!$B$2:$P$101,6,FALSE) -> 2025 | I95: =VLOOKUP(A95,list_100!$B$2:$P$101,7,FALSE) -> 디젤 | J95: =VLOOKUP(A95,vehicle_detail!$A$2:$DK$101,100,FALSE) -> 승합차 | K95: =VLOOKUP(A95,list_100!$B$2:$P$101,15,FALSE) -> 9999 | L95: =VLOOKUP(A95,list_100!$B$2:$P$101,10,FALSE) -> 22000 | M95: =VLOOKUP(A95,list_100!$B$2:$V$101,21,FALSE) -> 202407 | N95: =VLOOKUP(A95,seller_user!$A$2:$Y$101,2,FALSE) -> tokky123 | O95: =VLOOKUP(A95,seller_user!$A$2:$Y$101,25,FALSE) -> 전담 매니저 | P95: =VLOOKUP(A95,seller_user!$A$2:$Y$101,3,FALSE) -> [] | Q95: =VLOOKUP(A95,inspection_detail_raw!A95:BK194,4,FALSE) -> 0 | R95: =IFERROR("https://ci.encar.com"&VLOOKUP(A95,'성능점검 이미지정보'!A:E,2,FALSE),"") | S95: =VLOOKUP(A95,inspection_detail_raw!A95:BK194,50,FALSE) -> 0 | T95: =IFERROR(VLOOKUP(TEXT(A95,"0"), inspection_detail_raw!A:BK, 51, FALSE), "알수없음") -> 0 | U95: =IFERROR(VLOOKUP(TEXT(A95,"0"), inspection_detail_raw!A:BK, 52, FALSE), "알수없음") -> 0 | V95: =IFERROR(VLOOKUP(TEXT(A95,"0"), inspection_detail_raw!A:BK, 54, FALSE), "알수없음") -> 0 | W95: =IFERROR(VLOOKUP(TEXT(A95,"0"), inspection_detail_raw!A:BK, 57, FALSE), "알수없음") -> 0 | X95: =IFERROR(VLOOKUP(TEXT(A95,"0"), inspection_detail_raw!A:BK, 59, FALSE), "알수없음") -> 0 | Y95: =VLOOKUP(A95,vehicle_detail!$A$2:$DK$101,78,FALSE) -> ["10005", "10001"] | Z95: =VLOOKUP(A95,vehicle_detail!$A$2:$DK$101,80,FALSE) -> ["001", "005", "006", "007", "008", "014", "015", "017", "019", "020", "022", "023", "024", "026", "027", "030", "031", "032", "033", "055", "056", "057", "058", "059", "072", "074", "079", "081", "082", "085", "086", "088", "094", "096", "097"]
A96: 40826207 | B96: =VLOOKUP(A96,vehicle_detail!$A$2:$DK$101,111,FALSE) -> 142호5040 | C96: =VLOOKUP(A96,vehicle_detail!$A$2:$DK$101,101,FALSE) -> 검정색 | D96: =VLOOKUP(A96,list_100!$B$2:$P$101,9,FALSE) -> 현대 | E96: =VLOOKUP(A96,list_100!$B$2:$P$101,11,FALSE) -> 스타리아 | F96: =VLOOKUP(A96,list_100!$B$2:$P$101,2,FALSE) -> 투어러 9인승 | G96: =VLOOKUP(A96,list_100!$B$2:$P$101,3,FALSE) -> 모던 | H96: =VLOOKUP(A96,list_100!$B$2:$P$101,6,FALSE) -> 2025 | I96: =VLOOKUP(A96,list_100!$B$2:$P$101,7,FALSE) -> 디젤 | J96: =VLOOKUP(A96,vehicle_detail!$A$2:$DK$101,100,FALSE) -> 승합차 | K96: =VLOOKUP(A96,list_100!$B$2:$P$101,15,FALSE) -> 9999 | L96: =VLOOKUP(A96,list_100!$B$2:$P$101,10,FALSE) -> 15300 | M96: =VLOOKUP(A96,list_100!$B$2:$V$101,21,FALSE) -> 202407 | N96: =VLOOKUP(A96,seller_user!$A$2:$Y$101,2,FALSE) -> tokky123 | O96: =VLOOKUP(A96,seller_user!$A$2:$Y$101,25,FALSE) -> 전담 매니저 | P96: =VLOOKUP(A96,seller_user!$A$2:$Y$101,3,FALSE) -> [] | Q96: =VLOOKUP(A96,inspection_detail_raw!A96:BK195,4,FALSE) -> 0 | R96: =IFERROR("https://ci.encar.com"&VLOOKUP(A96,'성능점검 이미지정보'!A:E,2,FALSE),"") | S96: =VLOOKUP(A96,inspection_detail_raw!A96:BK195,50,FALSE) -> 0 | T96: =IFERROR(VLOOKUP(TEXT(A96,"0"), inspection_detail_raw!A:BK, 51, FALSE), "알수없음") -> 0 | U96: =IFERROR(VLOOKUP(TEXT(A96,"0"), inspection_detail_raw!A:BK, 52, FALSE), "알수없음") -> 0 | V96: =IFERROR(VLOOKUP(TEXT(A96,"0"), inspection_detail_raw!A:BK, 54, FALSE), "알수없음") -> 0 | W96: =IFERROR(VLOOKUP(TEXT(A96,"0"), inspection_detail_raw!A:BK, 57, FALSE), "알수없음") -> 0 | X96: =IFERROR(VLOOKUP(TEXT(A96,"0"), inspection_detail_raw!A:BK, 59, FALSE), "알수없음") -> 0 | Y96: =VLOOKUP(A96,vehicle_detail!$A$2:$DK$101,78,FALSE) -> ["10005", "10001"] | Z96: =VLOOKUP(A96,vehicle_detail!$A$2:$DK$101,80,FALSE) -> ["001", "005", "006", "007", "008", "014", "015", "017", "019", "020", "022", "023", "024", "026", "027", "030", "031", "032", "033", "055", "056", "057", "058", "059", "072", "074", "079", "081", "082", "085", "086", "088", "094", "096", "097"]
A97: 40826187 | B97: =VLOOKUP(A97,vehicle_detail!$A$2:$DK$101,111,FALSE) -> 142호5038 | C97: =VLOOKUP(A97,vehicle_detail!$A$2:$DK$101,101,FALSE) -> 검정색 | D97: =VLOOKUP(A97,list_100!$B$2:$P$101,9,FALSE) -> 현대 | E97: =VLOOKUP(A97,list_100!$B$2:$P$101,11,FALSE) -> 스타리아 | F97: =VLOOKUP(A97,list_100!$B$2:$P$101,2,FALSE) -> 투어러 9인승 | G97: =VLOOKUP(A97,list_100!$B$2:$P$101,3,FALSE) -> 모던 | H97: =VLOOKUP(A97,list_100!$B$2:$P$101,6,FALSE) -> 2025 | I97: =VLOOKUP(A97,list_100!$B$2:$P$101,7,FALSE) -> 디젤 | J97: =VLOOKUP(A97,vehicle_detail!$A$2:$DK$101,100,FALSE) -> 승합차 | K97: =VLOOKUP(A97,list_100!$B$2:$P$101,15,FALSE) -> 9999 | L97: =VLOOKUP(A97,list_100!$B$2:$P$101,10,FALSE) -> 22900 | M97: =VLOOKUP(A97,list_100!$B$2:$V$101,21,FALSE) -> 202407 | N97: =VLOOKUP(A97,seller_user!$A$2:$Y$101,2,FALSE) -> tokky123 | O97: =VLOOKUP(A97,seller_user!$A$2:$Y$101,25,FALSE) -> 전담 매니저 | P97: =VLOOKUP(A97,seller_user!$A$2:$Y$101,3,FALSE) -> [] | Q97: =VLOOKUP(A97,inspection_detail_raw!A97:BK196,4,FALSE) -> 0 | R97: =IFERROR("https://ci.encar.com"&VLOOKUP(A97,'성능점검 이미지정보'!A:E,2,FALSE),"") | S97: =VLOOKUP(A97,inspection_detail_raw!A97:BK196,50,FALSE) -> 0 | T97: =IFERROR(VLOOKUP(TEXT(A97,"0"), inspection_detail_raw!A:BK, 51, FALSE), "알수없음") -> 0 | U97: =IFERROR(VLOOKUP(TEXT(A97,"0"), inspection_detail_raw!A:BK, 52, FALSE), "알수없음") -> 0 | V97: =IFERROR(VLOOKUP(TEXT(A97,"0"), inspection_detail_raw!A:BK, 54, FALSE), "알수없음") -> 0 | W97: =IFERROR(VLOOKUP(TEXT(A97,"0"), inspection_detail_raw!A:BK, 57, FALSE), "알수없음") -> 0 | X97: =IFERROR(VLOOKUP(TEXT(A97,"0"), inspection_detail_raw!A:BK, 59, FALSE), "알수없음") -> 0 | Y97: =VLOOKUP(A97,vehicle_detail!$A$2:$DK$101,78,FALSE) -> ["10005", "10001"] | Z97: =VLOOKUP(A97,vehicle_detail!$A$2:$DK$101,80,FALSE) -> ["001", "005", "006", "007", "008", "014", "015", "017", "019", "020", "022", "023", "024", "026", "027", "030", "031", "032", "033", "055", "056", "057", "059", "072", "074", "079", "081", "082", "085", "086", "088", "094", "096", "097"]
A98: 40820916 | B98: =VLOOKUP(A98,vehicle_detail!$A$2:$DK$101,111,FALSE) -> 244서5939 | C98: =VLOOKUP(A98,vehicle_detail!$A$2:$DK$101,101,FALSE) -> 검정색 | D98: =VLOOKUP(A98,list_100!$B$2:$P$101,9,FALSE) -> 현대 | E98: =VLOOKUP(A98,list_100!$B$2:$P$101,11,FALSE) -> 투싼 (NX4) | F98: =VLOOKUP(A98,list_100!$B$2:$P$101,2,FALSE) -> 가솔린 1.6 터보 2WD | G98: =VLOOKUP(A98,list_100!$B$2:$P$101,3,FALSE) -> 모던 | H98: =VLOOKUP(A98,list_100!$B$2:$P$101,6,FALSE) -> 2023 | I98: =VLOOKUP(A98,list_100!$B$2:$P$101,7,FALSE) -> 가솔린 | J98: =VLOOKUP(A98,vehicle_detail!$A$2:$DK$101,100,FALSE) -> SUV | K98: =VLOOKUP(A98,list_100!$B$2:$P$101,15,FALSE) -> 2500 | L98: =VLOOKUP(A98,list_100!$B$2:$P$101,10,FALSE) -> 33951 | M98: =VLOOKUP(A98,list_100!$B$2:$V$101,21,FALSE) -> 202308 | N98: =VLOOKUP(A98,seller_user!$A$2:$Y$101,2,FALSE) -> q1234qazxs | O98: =VLOOKUP(A98,seller_user!$A$2:$Y$101,25,FALSE) -> 김형채 | P98: =VLOOKUP(A98,seller_user!$A$2:$Y$101,3,FALSE) -> [{"companyType": "FIRM", "companyName": "형채와자동차", "brn": "314-86-35019", "associationCd": 24, "associationName": "대전오토월드 자동차매매사업조합", "associationPhoneNumber": "042-604-8800", "certificatedEmployeeNumber": "12-0623", "address": {"zipcode": "34202 ", "location": null, "sido": "대전", "sigungu": "유성구", "eupmyeondong": null, "eupmyeondongEtc": null, "address": "대전 유성구", "buildingCd": "3020011600101890003015610"}, "contacts": null, "used": true}] | Q98: =VLOOKUP(A98,inspection_detail_raw!A98:BK197,4,FALSE) -> ["TABLE"] | R98: =IFERROR("https://ci.encar.com"&VLOOKUP(A98,'성능점검 이미지정보'!A:E,2,FALSE),"") | S98: =VLOOKUP(A98,inspection_detail_raw!A98:BK197,50,FALSE) -> [{"code": "1", "title": "렌트"}] | T98: =IFERROR(VLOOKUP(TEXT(A98,"0"), inspection_detail_raw!A:BK, 51, FALSE), "알수없음") -> 20260802 | U98: =IFERROR(VLOOKUP(TEXT(A98,"0"), inspection_detail_raw!A:BK, 52, FALSE), "알수없음") -> 20250803 | V98: =IFERROR(VLOOKUP(TEXT(A98,"0"), inspection_detail_raw!A:BK, 54, FALSE), "알수없음") -> KMHJB81BGPU282761 | W98: =IFERROR(VLOOKUP(TEXT(A98,"0"), inspection_detail_raw!A:BK, 57, FALSE), "알수없음") -> FALSE | X98: =IFERROR(VLOOKUP(TEXT(A98,"0"), inspection_detail_raw!A:BK, 59, FALSE), "알수없음") -> [] | Y98: =VLOOKUP(A98,vehicle_detail!$A$2:$DK$101,78,FALSE) -> ["10002", "10003", "10004", "10001"] | Z98: =VLOOKUP(A98,vehicle_detail!$A$2:$DK$101,80,FALSE) -> ["001", "004", "005", "006", "007", "008", "014", "015", "017", "019", "020", "022", "023", "024", "026", "027", "030", "031", "032", "033", "034", "055", "056", "057", "058", "068", "072", "074", "075", "077", "081", "082", "084", "088", "094", "096", "097"]
... A101: 41061934 | B101: =VLOOKUP(A101,vehicle_detail!$A$2:$DK$101,111,FALSE) -> 321고3880 | C101: =VLOOKUP(A101,vehicle_detail!$A$2:$DK$101,101,FALSE) -> 흰색 | D101: =VLOOKUP(A101,list_100!$B$2:$P$101,9,FALSE) -> 현대 | E101: =VLOOKUP(A101,list_100!$B$2:$P$101,11,FALSE) -> 아반떼 AD | F101: =VLOOKUP(A101,list_100!$B$2:$P$101,2,FALSE) -> 1.6 e-VGT 스마트 | G101: =VLOOKUP(A101,list_100!$B$2:$P$101,3,FALSE) -> (세부등급 없음) | H101: =VLOOKUP(A101,list_100!$B$2:$P$101,6,FALSE) -> 2016 | I101: =VLOOKUP(A101,list_100!$B$2:$P$101,7,FALSE) -> 디젤 | J101: =VLOOKUP(A101,vehicle_detail!$A$2:$DK$101,100,FALSE) -> 준중형차 | K101: =VLOOKUP(A101,list_100!$B$2:$P$101,15,FALSE) -> 620 | L101: =VLOOKUP(A101,list_100!$B$2:$P$101,10,FALSE) -> 145669 | M101: =VLOOKUP(A101,list_100!$B$2:$V$101,21,FALSE) -> 201608 | N101: =VLOOKUP(A101,seller_user!$A$2:$Y$101,2,FALSE) -> dpdltpqms | O101: =VLOOKUP(A101,seller_user!$A$2:$Y$101,25,FALSE) -> 박태현 | P101: =VLOOKUP(A101,seller_user!$A$2:$Y$101,3,FALSE) -> [{"companyType": "FIRM", "companyName": "세븐", "brn": "502-30-93375", "associationCd": 3, "associationName": null, "associationPhoneNumber": null, "certificatedEmployeeNumber": "23-053-00282", "address": {"zipcode": "41080 ", "location": null, "sido": "대구", "sigungu": "동구", "eupmyeondong": null, "eupmyeondongEtc": null, "address": "대구 동구 안심로59길 54", "buildingCd": "2714012300102920008000001"}, "contacts": null, "used": true}] | Q101: =VLOOKUP(A101,inspection_detail_raw!A101:BK200,4,FALSE) -> ["TABLE"] | R101: =IFERROR("https://ci.encar.com"&VLOOKUP(A101,'성능점검 이미지정보'!A:E,2,FALSE),"") | S101: =VLOOKUP(A101,inspection_detail_raw!A101:BK200,50,FALSE) -> [{"code": "1", "title": "렌트"}] | T101: =IFERROR(VLOOKUP(TEXT(A101,"0"), inspection_detail_raw!A:BK, 51, FALSE), "알수없음") -> 20270824 | U101: =IFERROR(VLOOKUP(TEXT(A101,"0"), inspection_detail_raw!A:BK, 52, FALSE), "알수없음") -> 20250825 | V101: =IFERROR(VLOOKUP(TEXT(A101,"0"), inspection_detail_raw!A:BK, 54, FALSE), "알수없음") -> KMHD641UGGU131415 | W101: =IFERROR(VLOOKUP(TEXT(A101,"0"), inspection_detail_raw!A:BK, 57, FALSE), "알수없음") -> TRUE | X101: =IFERROR(VLOOKUP(TEXT(A101,"0"), inspection_detail_raw!A:BK, 59, FALSE), "알수없음") -> [{"type": {"code": "P011", "title": "후드"}, "statusTypes": [{"code": "X", "title": "교환(교체)"}], "attributes": ["RANK_ONE"]}, {"type": {"code": "P021", "title": "프론트 휀더(좌)"}, "statusTypes": [{"code": "X", "title": "교환(교체)"}], "attributes": ["RANK_ONE"]}, {"type": {"code": "P031", "title": "프론트 도어(좌)"}, "statusTypes": [{"code": "X", "title": "교환(교체)"}], "attributes": ["RANK_ONE"]}] | Y101: =VLOOKUP(A101,vehicle_detail!$A$2:$DK$101,78,FALSE) -> ["1030"] | Z101: =VLOOKUP(A101,vehicle_detail!$A$2:$DK$101,80,FALSE) -> ["001", "004", "005", "006", "007", "008", "014", "015", "017", "019", "020", "022", "024", "026", "027", "031", "032", "033", "055", "056", "058", "071", "072", "082", "096", "097"]

Sheet list_100
A1: list.AccidentOuter | B1: list.Id | C1: list.Badge | D1: list.BadgeDetail | E1: list.BuyType | F1: list.Condition | G1: list.FormYear | H1: list.FuelType | I1: list.Id | J1: list.Manufacturer | K1: list.Mileage | L1: list.Model | M1: list.OfficeCityState | N1: list.Photo | O1: list.Photos | P1: list.Price | Q1: list.SalesStatus | R1: list.Separation | S1: list.ServiceCopyCar | T1: list.ServiceMark | U1: list.Trust | V1: list.Year
A2: 0 | B2: 41356587 | C2: 1.6 | D2: 모던 | E2: [] | F2: ["Inspection", "Record"] | G2: 2021 | H2: 가솔린 | I2: 41356587 | J2: 현대 | K2: 154242 | L2: 아반떼 (CN7) | M2: 경기 | N2: /carpicture05/pic4135/41356587_ | O2: [{"type": "001", "location": "/carpicture05/pic4135/41356587_001.jpg", "updatedDate": "2026-01-19T01:41:25Z", "ordering": 1.0}, {"type": "003", "location": "/carpicture05/pic4135/41356587_003.jpg", "updatedDate": "2026-01-19T01:41:25Z", "ordering": 3.0}, {"type": "004", "location": "/carpicture05/pic4135/41356587_004.jpg", "updatedDate": "2026-01-19T01:41:25Z", "ordering": 4.0}, {"type": "007", "location": "/carpicture05/pic4135/41356587_007.jpg", "updatedDate": "2026-01-19T01:41:25Z", "ordering": 7.0}] | P2: 1219 | R2: ["B"] | S2: ORIGINAL | T2: [] | U2: [] | V2: 202010
A3: 0 | B3: 41353573 | C3: 디젤 2.0 2WD | D3: 익스클루시브 | E3: [] | F3: ["Inspection", "Record"] | G3: 2016 | H3: 디젤 | I3: 41353573 | J3: 현대 | K3: 179987 | L3: 싼타페 더 프라임 | M3: 경기 | N3: /carpicture05/pic4135/41353573_ | O3: [{"type": "001", "location": "/carpicture05/pic4135/41353573_001.jpg", "updatedDate": "2026-01-15T08:11:00Z", "ordering": 1.0}, {"type": "003", "location": "/carpicture05/pic4135/41353573_003.jpg", "updatedDate": "2026-01-15T08:11:00Z", "ordering": 3.0}, {"type": "004", "location": "/carpicture05/pic4135/41353573_004.jpg", "updatedDate": "2026-01-15T08:11:00Z", "ordering": 4.0}, {"type": "007", "location": "/carpicture05/pic4135/41353573_007.jpg", "updatedDate": "2026-01-15T08:11:00Z", "ordering": 7.0}] | P3: 1039 | R3: ["B"] | S3: ORIGINAL | T3: [] | U3: [] | V3: 201506
A4: 0 | B4: 41403456 | C4: HG240 모던 | E4: [] | F4: ["Inspection", "Record"] | G4: 2014 | H4: 가솔린 | I4: 41403456 | J4: 현대 | K4: 196565 | L4: 그랜저 HG | M4: 경기 | N4: /carpicture10/pic4140/41403456_ | O4: [{"type": "001", "location": "/carpicture10/pic4140/41403456_001.jpg", "updatedDate": "2026-01-24T10:54:12Z", "ordering": 1.0}] | P4: 459 | R4: ["B"] | S4: ORIGINAL | T4: [] | U4: [] | V4: 201306
A5: 0 | B5: 41390361 | C5: 1.6 | D5: 스마트 | E5: [] | F5: ["Inspection", "Record"] | G5: 2019 | H5: 가솔린 | I5: 41390361 | J5: 현대 | K5: 94655 | L5: 더 뉴 아반떼 AD | M5: 경기 | N5: /carpicture09/pic4139/41390361_ | O5: [{"type": "001", "location": "/carpicture09/pic4139/41390361_001.jpg", "updatedDate": "2026-01-22T01:29:56Z", "ordering": 1.0}, {"type": "003", "location": "/carpicture09/pic4139/41390361_003.jpg", "updatedDate": "2026-01-22T01:29:56Z", "ordering": 3.0}, {"type": "004", "location": "/carpicture09/pic4139/41390361_004.jpg", "updatedDate": "2026-01-22T01:29:56Z", "ordering": 4.0}, {"type": "007", "location": "/carpicture09/pic4139/41390361_007.jpg", "updatedDate": "2026-01-22T01:29:56Z", "ordering": 7.0}] | P5: 999 | R5: ["B"] | S5: ORIGINAL | T5: [] | U5: [] | V5: 201810
A6: 0 | B6: 41403526 | C6: 디젤 1.6 VGT 익스트림 | E6: [] | F6: ["Inspection", "Record"] | G6: 2012 | H6: 디젤 | I6: 41403526 | J6: 현대 | K6: 165201 | L6: i30(신형) | M6: 경기 | N6: /carpicture10/pic4140/41403526_ | O6: [{"type": "001", "location": "/carpicture10/pic4140/41403526_001.jpg", "updatedDate": "2026-01-24T14:42:58Z", "ordering": 1.0}, {"type": "003", "location": "/carpicture10/pic4140/41403526_003.jpg", "updatedDate": "2026-01-24T14:42:58Z", "ordering": 3.0}, {"type": "004", "location": "/carpicture10/pic4140/41403526_004.jpg", "updatedDate": "2026-01-24T14:42:58Z", "ordering": 4.0}, {"type": "007", "location": "/carpicture10/pic4140/41403526_007.jpg", "updatedDate": "2026-01-24T14:42:58Z", "ordering": 7.0}] | P6: 549 | R6: ["B"] | S6: ORIGINAL | T6: [] | U6: [] | V6: 201212
A7: 0 | B7: 40279299 | C7: 2.0 스마트 | D7: 스페셜 | E7: [] | F7: ["Inspection", "Record"] | G7: 2016 | H7: 가솔린 | I7: 40279299 | J7: 현대 | K7: 182436 | L7: LF 쏘나타 | M7: 경기 | N7: /carpicture07/pic4027/40279299_ | O7: [{"type": "001", "location": "/carpicture07/pic4027/40279299_001.jpg", "updatedDate": "2025-08-11T06:57:16Z", "ordering": 1.0}, {"type": "003", "location": "/carpicture07/pic4027/40279299_003.jpg", "updatedDate": "2025-08-11T06:57:16Z", "ordering": 3.0}, {"type": "004", "location": "/carpicture07/pic4027/40279299_004.jpg", "updatedDate": "2025-08-11T06:57:16Z", "ordering": 4.0}, {"type": "007", "location": "/carpicture07/pic4027/40279299_007.jpg", "updatedDate": "2025-08-11T06:57:16Z", "ordering": 7.0}] | P7: 669 | R7: ["B"] | S7: ORIGINAL | T7: [] | U7: [] | V7: 201609
A8: 0 | B8: 41017047 | C8: 밴 5인승 | D8: 스타일 | E8: [] | F8: ["Inspection", "Record"] | G8: 2021 | H8: 디젤 | I8: 41017047 | J8: 현대 | K8: 64214 | L8: 더 뉴 그랜드 스타렉스 | M8: 경기 | N8: /carpicture01/pic4101/41017047_ | O8: [{"type": "001", "location": "/carpicture01/pic4101/41017047_001.jpg", "updatedDate": "2025-11-21T01:30:44Z", "ordering": 1.0}, {"type": "003", "location": "/carpicture01/pic4101/41017047_003.jpg", "updatedDate": "2025-11-21T01:30:44Z", "ordering": 3.0}, {"type": "004", "location": "/carpicture01/pic4101/41017047_004.jpg", "updatedDate": "2025-11-21T01:30:44Z", "ordering": 4.0}, {"type": "007", "location": "/carpicture01/pic4101/41017047_007.jpg", "updatedDate": "2025-11-21T01:30:44Z", "ordering": 7.0}] | P8: 1419 | R8: ["B"] | S8: ORIGINAL | T8: [] | U8: [] | V8: 202010
A9: 0 | B9: 41298024 | C9: 디젤 2.2 2WD | D9: 프리미엄 초이스 | E9: [] | F9: ["Inspection", "Record", "Resume"] | G9: 2021 | H9: 디젤 | I9: 41298024 | J9: 현대 | K9: 117174 | L9: 더 뉴 싼타페 | M9: 광주 | N9: /carpicture09/pic4129/41298024_ | O9: [{"type": "001", "location": "/carpicture09/pic4129/41298024_001.jpg", "updatedDate": "2026-01-08T01:02:46Z", "ordering": 1.0}, {"type": "003", "location": "/carpicture09/pic4129/41298024_003.jpg", "updatedDate": "2026-01-08T01:02:46Z", "ordering": 3.0}, {"type": "004", "location": "/carpicture09/pic4129/41298024_004.jpg", "updatedDate": "2026-01-08T01:02:46Z", "ordering": 4.0}, {"type": "007", "location": "/carpicture09/pic4129/41298024_007.jpg", "updatedDate": "2026-01-08T01:02:46Z", "ordering": 7.0}] | P9: 2180 | R9: ["B"] | S9: ORIGINAL | T9: ["EncarDiagnosisP1"] | U9: ["Warranty"] | V9: 202012
A10: 0 | B10: 39870119 | C10: HG300 프라임 | E10: [] | F10: ["Inspection", "Record", "Resume"] | G10: 2012 | H10: 가솔린 | I10: 39870119 | J10: 현대 | K10: 123680 | L10: 그랜저 HG | M10: 광주 | N10: /carpicture07/pic3987/39870119_ | O10: [{"type": "001", "location": "/carpicture07/pic3987/39870119_001.jpg", "updatedDate": "2025-06-16T02:27:03Z", "ordering": 1.0}, {"type": "003", "location": "/carpicture07/pic3987/39870119_003.jpg", "updatedDate": "2025-06-16T02:27:03Z", "ordering": 3.0}, {"type": "004", "location": "/carpicture07/pic3987/39870119_004.jpg", "updatedDate": "2025-06-16T02:27:03Z", "ordering": 4.0}, {"type": "007", "location": "/carpicture07/pic3987/39870119_007.jpg", "updatedDate": "2025-06-16T02:27:03Z", "ordering": 7.0}] | P10: 550 | R10: ["B"] | S10: ORIGINAL | T10: ["EncarDiagnosisP1"] | U10: ["Warranty"] | V10: 201206
A11: 0 | B11: 41326098 | C11: 1.6 LPi (렌터카) | D11: 스마트 | E11: [] | F11: ["Inspection", "Record", "Resume"] | G11: 2023 | H11: LPG(일반인 구입) | I11: 41326098 | J11: 현대 | K11: 90742 | L11: 아반떼 (CN7) | M11: 경기 | N11: /carpicture02/pic4132/41326098_ | O11: [{"type": "001", "location": "/carpicture02/pic4132/41326098_001.jpg", "updatedDate": "2026-01-12T05:11:07Z", "ordering": 1.0}, {"type": "003", "location": "/carpicture02/pic4132/41326098_003.jpg", "updatedDate": "2026-01-12T05:11:07Z", "ordering": 3.0}, {"type": "004", "location": "/carpicture02/pic4132/41326098_004.jpg", "updatedDate": "2026-01-12T05:11:07Z", "ordering": 4.0}, {"type": "007", "location": "/carpicture02/pic4132/41326098_007.jpg", "updatedDate": "2026-01-12T05:11:07Z", "ordering": 7.0}] | P11: 1099 | R11: ["B"] | S11: ORIGINAL | T11: [] | U11: [] | V11: 202205
A12: 0 | B12: 41307028 | C12: LPI 프리미엄 | E12: [] | F12: ["Inspection", "Record", "Resume"] | G12: 2018 | H12: LPG(일반인 구입) | I12: 41307028 | J12: 현대 | K12: 137276 | L12: 쏘나타 뉴 라이즈 | M12: 광주 | N12: /carpicture10/pic4130/41307028_ | O12: [{"type": "001", "location": "/carpicture10/pic4130/41307028_001.jpg", "updatedDate": "2026-01-08T05:50:49Z", "ordering": 1.0}, {"type": "003", "location": "/carpicture10/pic4130/41307028_003.jpg", "updatedDate": "2026-01-08T05:50:49Z", "ordering": 3.0}, {"type": "004", "location": "/carpicture10/pic4130/41307028_004.jpg", "updatedDate": "2026-01-08T05:50:49Z", "ordering": 4.0}, {"type": "007", "location": "/carpicture10/pic4130/41307028_007.jpg", "updatedDate": "2026-01-08T05:50:49Z", "ordering": 7.0}] | P12: 1200 | R12: ["B"] | S12: ORIGINAL | T12: ["EncarDiagnosisP1"] | U12: ["Warranty"] | V12: 201707
A13: 0 | B13: 41376170 | C13: 2.0 | D13: 프리미엄 | E13: [] | F13: ["Inspection", "Record"] | G13: 2020 | H13: 가솔린 | I13: 41376170 | J13: 현대 | K13: 131174 | L13: 쏘나타 (DN8) | M13: 경기 | N13: /carpicture07/pic4137/41376170_ | O13: [{"type": "001", "location": "/carpicture07/pic4137/41376170_001.jpg", "updatedDate": "2026-01-22T00:56:38Z", "ordering": 1.0}, {"type": "003", "location": "/carpicture07/pic4137/41376170_003.jpg", "updatedDate": "2026-01-22T00:56:38Z", "ordering": 3.0}, {"type": "004", "location": "/carpicture07/pic4137/41376170_004.jpg", "updatedDate": "2026-01-22T00:56:38Z", "ordering": 4.0}, {"type": "007", "location": "/carpicture07/pic4137/41376170_007.jpg", "updatedDate": "2026-01-22T00:56:38Z", "ordering": 7.0}] | P13: 1199 | R13: ["B"] | S13: ORIGINAL | T13: [] | U13: [] | V13: 201911
A14: 0 | B14: 41381376 | C14: 2.0 스타일 | E14: [] | F14: ["Inspection", "Record"] | G14: 2019 | H14: 가솔린 | I14: 41381376 | J14: 현대 | K14: 120207 | L14: 쏘나타 뉴 라이즈 | M14: 경기 | N14: /carpicture08/pic4138/41381376_ | O14: [{"type": "001", "location": "/carpicture08/pic4138/41381376_001.jpg", "updatedDate": "2026-01-20T13:29:28Z", "ordering": 1.0}, {"type": "003", "location": "/carpicture08/pic4138/41381376_003.jpg", "updatedDate": "2026-01-20T13:29:28Z", "ordering": 3.0}, {"type": "004", "location": "/carpicture08/pic4138/41381376_004.jpg", "updatedDate": "2026-01-20T13:29:28Z", "ordering": 4.0}, {"type": "007", "location": "/carpicture08/pic4138/41381376_007.jpg", "updatedDate": "2026-01-20T13:29:28Z", "ordering": 7.0}] | P14: 709 | R14: ["B"] | S14: ORIGINAL | T14: [] | U14: [] | V14: 201810
A15: 0 | B15: 41383463 | C15: 1.6 GDI 모던 | D15: 스페셜 | E15: [] | F15: ["Inspection", "Record"] | G15: 2016 | H15: 가솔린 | I15: 41383463 | J15: 현대 | K15: 156917 | L15: 아반떼 AD | M15: 경기 | N15: /carpicture08/pic4138/41383463_ | O15: [{"type": "001", "location": "/carpicture08/pic4138/41383463_001.jpg", "updatedDate": "2026-01-21T01:55:38Z", "ordering": 1.0}, {"type": "003", "location": "/carpicture08/pic4138/41383463_003.jpg", "updatedDate": "2026-01-21T01:55:38Z", "ordering": 3.0}, {"type": "004", "location": "/carpicture08/pic4138/41383463_004.jpg", "updatedDate": "2026-01-21T01:55:38Z", "ordering": 4.0}, {"type": "007", "location": "/carpicture08/pic4138/41383463_007.jpg", "updatedDate": "2026-01-21T01:55:38Z", "ordering": 7.0}] | P15: 729 | R15: ["B"] | S15: ORIGINAL | T15: [] | U15: [] | V15: 201603
A16: 0 | B16: 41395915 | C16: 디젤 2.0 2WD | D16: 익스클루시브 스페셜 | E16: [] | F16: ["Inspection", "Record"] | G16: 2016 | H16: 디젤 | I16: 41395915 | J16: 현대 | K16: 147123 | L16: 싼타페 더 프라임 | M16: 경기 | N16: /carpicture09/pic4139/41395915_ | O16: [{"type": "001", "location": "/carpicture09/pic4139/41395915_001.jpg", "updatedDate": "2026-01-22T14:12:37Z", "ordering": 1.0}] | P16: 1069 | R16: ["B"] | S16: ORIGINAL | T16: [] | U16: [] | V16: 201601
A17: 0 | B17: 41309179 | C17: 4WD 라운지 7인승 | D17: 인스퍼레이션 | E17: [] | F17: ["Inspection", "Record", "Resume"] | G17: 2025 | H17: 디젤 | I17: 41309179 | J17: 현대 | K17: 2164 | L17: 스타리아 | M17: 경기 | N17: /carpicture10/pic4130/41309179_ | O17: [{"type": "001", "location": "/carpicture10/pic4130/41309179_001.jpg", "updatedDate": "2026-01-08T07:03:47Z", "ordering": 1.0}, {"type": "003", "location": "/carpicture10/pic4130/41309179_003.jpg", "updatedDate": "2026-01-08T07:03:47Z", "ordering": 3.0}, {"type": "004", "location": "/carpicture10/pic4130/41309179_004.jpg", "updatedDate": "2026-01-08T07:03:47Z", "ordering": 4.0}, {"type": "007", "location": "/carpicture10/pic4130/41309179_007.jpg", "updatedDate": "2026-01-08T07:03:47Z", "ordering": 7.0}] | P17: 7100 | R17: ["B"] | S17: ORIGINAL | T17: [] | U17: [] | V17: 202508
A18: 0 | B18: 40740292 | C18: 디젤 2.2 4WD | D18: 프레스티지 | E18: [] | F18: ["Inspection", "Record", "Resume"] | G18: 2020 | H18: 디젤 | I18: 40740292 | J18: 현대 | K18: 22589 | L18: 팰리세이드 | M18: 경기 | N18: /carpicture04/pic4074/40740292_ | O18: [{"type": "001", "location": "/carpicture04/pic4074/40740292_001.jpg", "updatedDate": "2025-10-16T06:03:03Z", "ordering": 1.0}, {"type": "003", "location": "/carpicture04/pic4074/40740292_003.jpg", "updatedDate": "2025-10-16T06:03:03Z", "ordering": 3.0}, {"type": "004", "location": "/carpicture04/pic4074/40740292_004.jpg", "updatedDate": "2025-10-16T06:03:03Z", "ordering": 4.0}, {"type": "007", "location": "/carpicture04/pic4074/40740292_007.jpg", "updatedDate": "2025-10-16T06:03:03Z", "ordering": 7.0}] | P18: 3890 | R18: ["B"] | S18: ORIGINAL | T18: [] | U18: [] | V18: 201911
A19: 0 | B19: 41241229 | C19: 1.6 GDI 스마트 | D19: 스페셜 | E19: [] | F19: ["Inspection", "Record", "Resume"] | G19: 2017 | H19: 가솔린 | I19: 41241229 | J19: 현대 | K19: 50046 | L19: 아반떼 AD | M19: 울산 | N19: /carpicture04/pic4124/41241229_ | O19: [{"type": "001", "location": "/carpicture04/pic4124/41241229_001.jpg", "updatedDate": "2025-12-29T01:45:33Z", "ordering": 1.0}, {"type": "003", "location": "/carpicture04/pic4124/41241229_003.jpg", "updatedDate": "2025-12-29T01:45:33Z", "ordering": 3.0}, {"type": "004", "location": "/carpicture04/pic4124/41241229_004.jpg", "updatedDate": "2025-12-29T01:45:33Z", "ordering": 4.0}, {"type": "007", "location": "/carpicture04/pic4124/41241229_007.jpg", "updatedDate": "2025-12-29T01:45:33Z", "ordering": 7.0}] | P19: 1240 | R19: ["B"] | S19: ORIGINAL | T19: ["EncarDiagnosisP1"] | U19: ["Warranty"] | V19: 201605
A20: 0 | B20: 41285668 | C20: 가솔린 1.6 터보 2WD | D20: 모던 | E20: [] | F20: ["Inspection", "Record", "Resume"] | G20: 2021 | H20: 가솔린 | I20: 41285668 | J20: 현대 | K20: 26664 | L20: 투싼 (NX4) | M20: 부산 | N20: /carpicture08/pic4128/41285668_ | O20: [{"type": "001", "location": "/carpicture08/pic4128/41285668_001.jpg", "updatedDate": "2026-01-06T02:26:11Z", "ordering": 1.0}, {"type": "003", "location": "/carpicture08/pic4128/41285668_003.jpg", "updatedDate": "2026-01-06T02:26:11Z", "ordering": 3.0}, {"type": "004", "location": "/carpicture08/pic4128/41285668_004.jpg", "updatedDate": "2026-01-06T02:26:11Z", "ordering": 4.0}, {"type": "007", "location": "/carpicture08/pic4128/41285668_007.jpg", "updatedDate": "2026-01-06T02:26:11Z", "ordering": 7.0}] | P20: 2580 | R20: ["B"] | S20: ORIGINAL | T20: ["EncarDiagnosisP0"] | U20: ["Warranty"] | V20: 202104
A21: 1 | B21: 41085806 | C21: 디젤 1.6 2WD | D21: 모던 | E21: [] | F21: ["Inspection", "Record", "Resume"] | G21: 2019 | H21: 디젤 | I21: 41085806 | J21: 현대 | K21: 67968 | L21: 올 뉴 투싼 | M21: 부산 | N21: /carpicture08/pic4108/41085806_ | O21: [{"type": "001", "location": "/carpicture08/pic4108/41085806_001.jpg", "updatedDate": "2025-12-02T07:35:52Z", "ordering": 1.0}, {"type": "003", "location": "/carpicture08/pic4108/41085806_003.jpg", "updatedDate": "2025-12-02T07:35:52Z", "ordering": 3.0}, {"type": "004", "location": "/carpicture08/pic4108/41085806_004.jpg", "updatedDate": "2025-12-02T07:35:52Z", "ordering": 4.0}, {"type": "007", "location": "/carpicture08/pic4108/41085806_007.jpg", "updatedDate": "2025-12-02T07:35:52Z", "ordering": 7.0}] | P21: 1780 | R21: ["B"] | S21: ORIGINAL | T21: ["EncarDiagnosisP0"] | U21: ["Warranty"] | V21: 201910
A22: 0 | B22: 40151520 | C22: 2.5 | D22: 캘리그래피 | E22: [] | F22: ["Inspection", "Record", "Resume"] | G22: 2022 | H22: 가솔린 | I22: 40151520 | J22: 현대 | K22: 84458 | L22: 더 뉴 그랜저 IG | M22: 부산 | N22: /carpicture05/pic4015/40151520_ | O22: [{"type": "001", "location": "/carpicture05/pic4015/40151520_001.jpg", "updatedDate": "2025-07-23T05:47:27Z", "ordering": 1.0}, {"type": "003", "location": "/carpicture05/pic4015/40151520_003.jpg", "updatedDate": "2025-07-23T05:47:27Z", "ordering": 3.0}, {"type": "004", "location": "/carpicture05/pic4015/40151520_004.jpg", "updatedDate": "2025-07-23T05:47:27Z", "ordering": 4.0}, {"type": "007", "location": "/carpicture05/pic4015/40151520_007.jpg", "updatedDate": "2025-07-23T05:47:27Z", "ordering": 7.0}] | P22: 2850 | R22: ["B"] | S22: ORIGINAL | T22: ["EncarDiagnosisP0"] | U22: ["Warranty", "ExtendWarranty"] | V22: 202109
A23: 1 | B23: 38557627 | C23: 2.0 스타일 | E23: [] | F23: ["Inspection", "Record", "Resume"] | G23: 2018 | H23: 가솔린 | I23: 38557627 | J23: 현대 | K23: 59954 | L23: 쏘나타 뉴 라이즈 | M23: 부산 | N23: /carpicture05/pic3855/38557627_ | O23: [{"type": "001", "location": "/carpicture05/pic3855/38557627_001.jpg", "updatedDate": "2025-09-08T01:05:57Z", "ordering": 1.0}, {"type": "003", "location": "/carpicture05/pic3855/38557627_003.jpg", "updatedDate": "2025-09-08T01:05:57Z", "ordering": 3.0}, {"type": "004", "location": "/carpicture05/pic3855/38557627_004.jpg", "updatedDate": "2025-09-08T01:05:57Z", "ordering": 4.0}, {"type": "007", "location": "/carpicture05/pic3855/38557627_007.jpg", "updatedDate": "2025-09-08T01:05:57Z", "ordering": 7.0}] | P23: 1180 | R23: ["B"] | S23: ORIGINAL | T23: ["EncarDiagnosisP0"] | U23: ["Warranty", "ExtendWarranty"] | V23: 201710
A24: 2 | B24: 41218565 | C24: 2.0 | D24: 프리미엄 | E24: [] | F24: ["Inspection", "Record", "Resume"] | G24: 2021 | H24: 가솔린 | I24: 41218565 | J24: 현대 | K24: 54072 | L24: 쏘나타 (DN8) | M24: 부산 | N24: /carpicture01/pic4121/41218565_ | O24: [{"type": "001", "location": "/carpicture01/pic4121/41218565_001.jpg", "updatedDate": "2025-12-23T04:41:01Z", "ordering": 1.0}, {"type": "003", "location": "/carpicture01/pic4121/41218565_003.jpg", "updatedDate": "2025-12-23T04:41:01Z", "ordering": 3.0}, {"type": "004", "location": "/carpicture01/pic4121/41218565_004.jpg", "updatedDate": "2025-12-23T04:41:01Z", "ordering": 4.0}, {"type": "007", "location": "/carpicture01/pic4121/41218565_007.jpg", "updatedDate": "2025-12-23T04:41:01Z", "ordering": 7.0}] | P24: 1930 | R24: ["B"] | S24: ORIGINAL | T24: ["EncarDiagnosisP0"] | U24: ["Warranty"] | V24: 202007
A25: 0 | B25: 40055487 | C25: 카고 5인승 | D25: 모던 | E25: [] | F25: ["Inspection", "Record", "Resume"] | G25: 2023 | H25: 디젤 | I25: 40055487 | J25: 현대 | K25: 46218 | L25: 스타리아 | M25: 부산 | N25: /carpicture05/pic4005/40055487_ | O25: [{"type": "001", "location": "/carpicture05/pic4005/40055487_001.jpg", "updatedDate": "2025-07-10T05:25:45Z", "ordering": 1.0}, {"type": "003", "location": "/carpicture05/pic4005/40055487_003.jpg", "updatedDate": "2025-07-10T05:25:45Z", "ordering": 3.0}, {"type": "004", "location": "/carpicture05/pic4005/40055487_004.jpg", "updatedDate": "2025-07-10T05:25:45Z", "ordering": 4.0}, {"type": "007", "location": "/carpicture05/pic4005/40055487_007.jpg", "updatedDate": "2025-07-10T05:25:45Z", "ordering": 7.0}] | P25: 2530 | R25: ["B"] | S25: ORIGINAL | T25: ["EncarDiagnosisP0"] | U25: ["Warranty", "ExtendWarranty"] | V25: 202212
A26: 0 | B26: 39345655 | C26: 2.0 GDi | D26: 프리미엄 | E26: [] | F26: ["Inspection", "Record", "Resume"] | G26: 2018 | H26: 가솔린 | I26: 39345655 | J26: 현대 | K26: 101173 | L26: 더 뉴 i40 | M26: 부산 | N26: /carpicture04/pic3934/39345655_ | O26: [{"type": "001", "location": "/carpicture04/pic3934/39345655_001.jpg", "updatedDate": "2025-04-01T00:52:26Z", "ordering": 1.0}, {"type": "003", "location": "/carpicture04/pic3934/39345655_003.jpg", "updatedDate": "2025-04-01T00:52:26Z", "ordering": 3.0}, {"type": "004", "location": "/carpicture04/pic3934/39345655_004.jpg", "updatedDate": "2025-04-01T00:52:26Z", "ordering": 4.0}, {"type": "007", "location": "/carpicture04/pic3934/39345655_007.jpg", "updatedDate": "2025-04-01T00:52:26Z", "ordering": 7.0}] | P26: 1330 | R26: ["B"] | S26: ORIGINAL | T26: ["EncarDiagnosisP0"] | U26: ["Warranty", "ExtendWarranty"] | V26: 201706
A27: 0 | B27: 40952759 | C27: 2.4 프리미엄 | D27: 스페셜 | E27: [] | F27: ["Inspection", "Record", "Resume"] | G27: 2018 | H27: 가솔린 | I27: 40952759 | J27: 현대 | K27: 59866 | L27: 그랜저 IG | M27: 경기 | N27: /carpicture05/pic4095/40952759_ | O27: [{"type": "001", "location": "/carpicture05/pic4095/40952759_001.jpg", "updatedDate": "2025-11-13T07:07:50Z", "ordering": 1.0}, {"type": "003", "location": "/carpicture05/pic4095/40952759_003.jpg", "updatedDate": "2025-11-13T07:07:50Z", "ordering": 3.0}, {"type": "004", "location": "/carpicture05/pic4095/40952759_004.jpg", "updatedDate": "2025-11-13T07:07:50Z", "ordering": 4.0}, {"type": "007", "location": "/carpicture05/pic4095/40952759_007.jpg", "updatedDate": "2025-11-13T07:07:50Z", "ordering": 7.0}] | P27: 2250 | R27: ["B"] | S27: ORIGINAL | T27: ["EncarDiagnosisP1"] | U27: ["Warranty"] | V27: 201801
A28: 0 | B28: 41370416 | C28: 디젤 2.2 2WD | D28: 캘리그래피 | E28: [] | F28: ["Inspection", "Record"] | G28: 2022 | H28: 디젤 | I28: 41370416 | J28: 현대 | K28: 112711 | L28: 팰리세이드 | M28: 충북 | N28: /carpicture07/pic4137/41370416_ | O28: [{"type": "001", "location": "/carpicture07/pic4137/41370416_001.jpg", "updatedDate": "2026-01-19T06:12:06Z", "ordering": 1.0}, {"type": "003", "location": "/carpicture07/pic4137/41370416_003.jpg", "updatedDate": "2026-01-19T06:12:06Z", "ordering": 3.0}, {"type": "004", "location": "/carpicture07/pic4137/41370416_004.jpg", "updatedDate": "2026-01-19T06:12:06Z", "ordering": 4.0}, {"type": "007", "location": "/carpicture07/pic4137/41370416_007.jpg", "updatedDate": "2026-01-19T06:12:06Z", "ordering": 7.0}] | P28: 3060 | R28: ["B"] | S28: ORIGINAL | T28: [] | U28: [] | V28: 202105
A29: 1 | B29: 41398674 | C29: 디젤(e-VGT) 2.0 2WD 모던 | E29: [] | F29: ["Inspection", "Record", "Resume"] | G29: 2015 | H29: 디젤 | I29: 41398674 | J29: 현대 | K29: 140796 | L29: 싼타페 DM | M29: 충남 | N29: /carpicture09/pic4139/41398674_ | O29: [{"type": "001", "location": "/carpicture09/pic4139/41398674_001.jpg", "updatedDate": "2026-01-23T07:08:49Z", "ordering": 1.0}, {"type": "003", "location": "/carpicture09/pic4139/41398674_003.jpg", "updatedDate": "2026-01-23T07:08:49Z", "ordering": 3.0}, {"type": "004", "location": "/carpicture09/pic4139/41398674_004.jpg", "updatedDate": "2026-01-23T07:08:49Z", "ordering": 4.0}, {"type": "007", "location": "/carpicture09/pic4139/41398674_007.jpg", "updatedDate": "2026-01-23T07:08:49Z", "ordering": 7.0}] | P29: 870 | R29: ["B"] | S29: ORIGINAL | T29: [] | U29: [] | V29: 201504
A30: 0 | B30: 41130226 | C30: 가솔린 2.0T 2WD | D30: 익스클루시브 | E30: [] | F30: ["Inspection", "Record", "Resume"] | G30: 2020 | H30: 가솔린 | I30: 41130226 | J30: 현대 | K30: 96517 | L30: 싼타페 TM | M30: 대구 | N30: /carpicture03/pic4113/41130226_ | O30: [{"type": "001", "location": "/carpicture03/pic4113/41130226_001.jpg", "updatedDate": "2025-12-09T06:39:59Z", "ordering": 1.0}, {"type": "003", "location": "/carpicture03/pic4113/41130226_003.jpg", "updatedDate": "2025-12-09T06:39:59Z", "ordering": 3.0}, {"type": "004", "location": "/carpicture03/pic4113/41130226_004.jpg", "updatedDate": "2025-12-09T06:39:59Z", "ordering": 4.0}, {"type": "007", "location": "/carpicture03/pic4113/41130226_007.jpg", "updatedDate": "2025-12-09T06:39:59Z", "ordering": 7.0}] | P30: 2060 | R30: ["B"] | S30: ORIGINAL | T30: ["EncarDiagnosisP1"] | U30: ["Warranty"] | V30: 202006
A31: 1 | B31: 40988766 | C31: 프리미엄 | E31: [] | F31: ["Inspection", "Record", "Resume"] | G31: 2015 | H31: 가솔린+전기 | I31: 40988766 | J31: 현대 | K31: 191302 | L31: 그랜저 HG 하이브리드 | M31: 대구 | N31: /carpicture08/pic4098/40988766_ | O31: [{"type": "001", "location": "/carpicture08/pic4098/40988766_001.jpg", "updatedDate": "2025-11-20T01:44:32Z", "ordering": 1.0}, {"type": "003", "location": "/carpicture08/pic4098/40988766_003.jpg", "updatedDate": "2025-11-20T01:44:32Z", "ordering": 3.0}, {"type": "004", "location": "/carpicture08/pic4098/40988766_004.jpg", "updatedDate": "2025-11-20T01:44:32Z", "ordering": 4.0}, {"type": "007", "location": "/carpicture08/pic4098/40988766_007.jpg", "updatedDate": "2025-11-20T01:44:32Z", "ordering": 7.0}] | P31: 649 | R31: ["B"] | S31: ORIGINAL | T31: ["EncarDiagnosisP0"] | U31: ["Warranty"] | V31: 201409
A32: 0 | B32: 41388391 | C32: 3.0 LPi 익스클루시브 (렌터카) | E32: [] | F32: ["Inspection", "Record", "Resume"] | G32: 2017 | H32: LPG(일반인 구입) | I32: 41388391 | J32: 현대 | K32: 184927 | L32: 그랜저 IG | M32: 서울 | N32: /carpicture08/pic4138/41388391_ | O32: [{"type": "001", "location": "/carpicture08/pic4138/41388391_001.jpg", "updatedDate": "2026-01-22T05:56:16Z", "ordering": 1.0}, {"type": "003", "location": "/carpicture08/pic4138/41388391_003.jpg", "updatedDate": "2026-01-22T05:56:16Z", "ordering": 3.0}, {"type": "004", "location": "/carpicture08/pic4138/41388391_004.jpg", "updatedDate": "2026-01-22T05:56:16Z", "ordering": 4.0}, {"type": "007", "location": "/carpicture08/pic4138/41388391_007.jpg", "updatedDate": "2026-01-22T05:56:16Z", "ordering": 7.0}] | P32: 1259 | Q32: CONTRACT | R32: ["B"] | S32: ORIGINAL | T32: ["EncarDiagnosisP0"] | U32: ["Warranty"] | V32: 201702
A33: 0 | B33: 41369527 | C33: 밴 | D33: 스마트 | E33: [] | F33: ["Inspection", "Record", "Resume"] | G33: 2023 | H33: 가솔린 | I33: 41369527 | J33: 현대 | K33: 9473 | L33: 캐스퍼 | M33: 인천 | N33: /carpicture06/pic4136/41369527_ | O33: [{"type": "001", "location": "/carpicture06/pic4136/41369527_001.jpg", "updatedDate": "2026-01-19T07:56:25Z", "ordering": 1.0}, {"type": "003", "location": "/carpicture06/pic4136/41369527_003.jpg", "updatedDate": "2026-01-19T07:56:25Z", "ordering": 3.0}, {"type": "004", "location": "/carpicture06/pic4136/41369527_004.jpg", "updatedDate": "2026-01-19T07:56:25Z", "ordering": 4.0}, {"type": "007", "location": "/carpicture06/pic4136/41369527_007.jpg", "updatedDate": "2026-01-19T07:56:25Z", "ordering": 7.0}] | P33: 1390 | R33: ["B"] | S33: ORIGINAL | T33: ["EncarDiagnosisP0"] | U33: ["Warranty"] | V33: 202203
A34: 0 | B34: 41390598 | C34: 디젤 2.2 4WD | D34: 프레스티지 | E34: [] | F34: ["Inspection", "Record", "Resume"] | G34: 2021 | H34: 디젤 | I34: 41390598 | J34: 현대 | K34: 86631 | L34: 팰리세이드 | M34: 부산 | N34: /carpicture09/pic4139/41390598_ | O34: [{"type": "001", "location": "/carpicture09/pic4139/41390598_001.jpg", "updatedDate": "2026-01-22T06:55:44Z", "ordering": 1.0}, {"type": "003", "location": "/carpicture09/pic4139/41390598_003.jpg", "updatedDate": "2026-01-22T06:55:44Z", "ordering": 3.0}, {"type": "004", "location": "/carpicture09/pic4139/41390598_004.jpg", "updatedDate": "2026-01-22T06:55:44Z", "ordering": 4.0}, {"type": "007", "location": "/carpicture09/pic4139/41390598_007.jpg", "updatedDate": "2026-01-22T06:55:44Z", "ordering": 7.0}] | P34: 2950 | R34: ["B"] | S34: ORIGINAL | T34: ["EncarDiagnosisP1"] | U34: ["Warranty"] | V34: 202011
A35: 3 | B35: 41393805 | C35: M16 GDI 럭셔리 | E35: [] | F35: ["Inspection", "Record", "Resume"] | G35: 2011 | H35: 가솔린 | I35: 41393805 | J35: 현대 | K35: 155789 | L35: 아반떼 MD | M35: 대구 | N35: /carpicture09/pic4139/41393805_ | O35: [{"type": "001", "location": "/carpicture09/pic4139/41393805_001.jpg", "updatedDate": "2026-01-22T06:37:24Z", "ordering": 1.0}, {"type": "003", "location": "/carpicture09/pic4139/41393805_003.jpg", "updatedDate": "2026-01-22T06:37:24Z", "ordering": 3.0}, {"type": "004", "location": "/carpicture09/pic4139/41393805_004.jpg", "updatedDate": "2026-01-22T06:37:24Z", "ordering": 4.0}, {"type": "007", "location": "/carpicture09/pic4139/41393805_007.jpg", "updatedDate": "2026-01-22T06:37:24Z", "ordering": 7.0}] | P35: 370 | R35: ["B"] | S35: ORIGINAL | T35: [] | U35: [] | V35: 201009
A36: 0 | B36: 41315606 | C36: 1.6 GDI 밸류 플러스 | E36: [] | F36: ["Inspection", "Record", "Resume"] | G36: 2018 | H36: 가솔린 | I36: 41315606 | J36: 현대 | K36: 53833 | L36: 아반떼 AD | M36: 대구 | N36: /carpicture01/pic4131/41315606_ | O36: [{"type": "001", "location": "/carpicture01/pic4131/41315606_001.jpg", "updatedDate": "2026-01-12T06:50:07Z", "ordering": 1.0}, {"type": "003", "location": "/carpicture01/pic4131/41315606_003.jpg", "updatedDate": "2026-01-12T06:50:07Z", "ordering": 3.0}, {"type": "004", "location": "/carpicture01/pic4131/41315606_004.jpg", "updatedDate": "2026-01-12T06:50:07Z", "ordering": 4.0}, {"type": "007", "location": "/carpicture01/pic4131/41315606_007.jpg", "updatedDate": "2026-01-12T06:50:07Z", "ordering": 7.0}] | P36: 1210 | R36: ["B"] | S36: ORIGINAL | T36: ["EncarDiagnosisP1"] | U36: ["Warranty"] | V36: 201711
A37: 4 | B37: 41313544 | C37: 2.5 | D37: 르블랑 | E37: [] | F37: ["Inspection", "Record", "Resume"] | G37: 2023 | H37: 가솔린 | I37: 41313544 | J37: 현대 | K37: 70178 | L37: 더 뉴 그랜저 IG | M37: 경기 | N37: /carpicture01/pic4131/41313544_ | O37: [{"type": "001", "location": "/carpicture01/pic4131/41313544_001.jpg", "updatedDate": "2026-01-09T01:52:11Z", "ordering": 1.0}, {"type": "003", "location": "/carpicture01/pic4131/41313544_003.jpg", "updatedDate": "2026-01-09T01:52:11Z", "ordering": 3.0}, {"type": "004", "location": "/carpicture01/pic4131/41313544_004.jpg", "updatedDate": "2026-01-09T01:52:11Z", "ordering": 4.0}, {"type": "007", "location": "/carpicture01/pic4131/41313544_007.jpg", "updatedDate": "2026-01-09T01:52:11Z", "ordering": 7.0}] | P37: 2590 | R37: ["B"] | S37: ORIGINAL | T37: ["EncarDiagnosisP0"] | U37: ["Warranty"] | V37: 202208
A38: 2 | B38: 41135028 | C38: M16 GDI 모던 | E38: [] | F38: ["Inspection", "Record", "Resume"] | G38: 2013 | H38: 가솔린 | I38: 41135028 | J38: 현대 | K38: 128844 | L38: 아반떼 MD | M38: 광주 | N38: /carpicture03/pic4113/41135028_ | O38: [{"type": "001", "location": "/carpicture03/pic4113/41135028_001.jpg", "updatedDate": "2025-12-09T07:54:49Z", "ordering": 1.0}, {"type": "003", "location": "/carpicture03/pic4113/41135028_003.jpg", "updatedDate": "2025-12-09T07:54:49Z", "ordering": 3.0}, {"type": "004", "location": "/carpicture03/pic4113/41135028_004.jpg", "updatedDate": "2025-12-09T07:54:49Z", "ordering": 4.0}, {"type": "007", "location": "/carpicture03/pic4113/41135028_007.jpg", "updatedDate": "2025-12-09T07:54:49Z", "ordering": 7.0}] | P38: 450 | R38: ["B"] | S38: ORIGINAL | T38: [] | U38: [] | V38: 201209
A39: 2 | B39: 41393779 | C39: 디젤 2.0 2WD | D39: 모던 | E39: [] | F39: ["Inspection", "Record", "Resume"] | G39: 2017 | H39: 디젤 | I39: 41393779 | J39: 현대 | K39: 107390 | L39: 올 뉴 투싼 | M39: 인천 | N39: /carpicture09/pic4139/41393779_ | O39: [{"type": "001", "location": "/carpicture09/pic4139/41393779_001.jpg", "updatedDate": "2026-01-22T06:46:07Z", "ordering": 1.0}, {"type": "003", "location": "/carpicture09/pic4139/41393779_003.jpg", "updatedDate": "2026-01-22T06:46:07Z", "ordering": 3.0}, {"type": "004", "location": "/carpicture09/pic4139/41393779_004.jpg", "updatedDate": "2026-01-22T06:46:07Z", "ordering": 4.0}, {"type": "007", "location": "/carpicture09/pic4139/41393779_007.jpg", "updatedDate": "2026-01-22T06:46:07Z", "ordering": 7.0}] | P39: 1240 | R39: ["B"] | S39: ORIGINAL | T39: ["EncarDiagnosisP1"] | U39: ["Warranty"] | V39: 201608
A40: 6 | B40: 41359860 | C40: 2.4 프리미엄 | D40: 스페셜 | E40: [] | F40: ["Inspection", "Record", "Resume"] | G40: 2018 | H40: 가솔린 | I40: 41359860 | J40: 현대 | K40: 196646 | L40: 그랜저 IG | M40: 충남 | N40: /carpicture05/pic4135/41359860_ | O40: [{"type": "001", "location": "/carpicture05/pic4135/41359860_001.jpg", "updatedDate": "2026-01-19T01:00:33Z", "ordering": 1.0}, {"type": "003", "location": "/carpicture05/pic4135/41359860_003.jpg", "updatedDate": "2026-01-19T01:00:33Z", "ordering": 3.0}, {"type": "004", "location": "/carpicture05/pic4135/41359860_004.jpg", "updatedDate": "2026-01-19T01:00:33Z", "ordering": 4.0}, {"type": "007", "location": "/carpicture05/pic4135/41359860_007.jpg", "updatedDate": "2026-01-19T01:00:33Z", "ordering": 7.0}] | P40: 1030 | R40: ["B"] | S40: ORIGINAL | T40: ["EncarDiagnosisP0"] | U40: ["Warranty"] | V40: 201703
A41: 0 | B41: 39193215 | C41: 가솔린 2.5T 4WD | D41: 캘리그래피 | E41: [] | F41: ["Inspection", "Record"] | G41: 2024 | H41: 가솔린 | I41: 39193215 | J41: 현대 | K41: 11379 | L41: 싼타페 (MX5) | M41: 경기 | N41: /carpicture09/pic3919/39193215_ | O41: [{"type": "001", "location": "/carpicture09/pic3919/39193215_001.jpg", "updatedDate": "2025-03-11T08:32:48Z", "ordering": 1.0}, {"type": "003", "location": "/carpicture09/pic3919/39193215_003.jpg", "updatedDate": "2025-03-11T08:32:48Z", "ordering": 3.0}, {"type": "004", "location": "/carpicture09/pic3919/39193215_004.jpg", "updatedDate": "2025-03-11T08:32:48Z", "ordering": 4.0}, {"type": "007", "location": "/carpicture09/pic3919/39193215_007.jpg", "updatedDate": "2025-03-11T08:32:48Z", "ordering": 7.0}] | P41: 3130 | R41: ["B"] | S41: ORIGINAL | T41: ["EncarDiagnosisP0"] | U41: ["Warranty"] | V41: 202402
A42: 2 | B42: 39854943 | C42: VS380 | D42: 모던 | E42: [] | F42: ["Inspection", "Record", "Resume"] | G42: 2013 | H42: 가솔린 | I42: 39854943 | J42: 현대 | K42: 190000 | L42: 에쿠스(신형) | M42: 대구 | N42: /carpicture05/pic3985/39854943_ | O42: [{"type": "001", "location": "/carpicture05/pic3985/39854943_001.jpg", "updatedDate": "2025-06-12T11:07:40Z", "ordering": 1.0}, {"type": "003", "location": "/carpicture05/pic3985/39854943_003.jpg", "updatedDate": "2025-06-12T11:07:40Z", "ordering": 3.0}, {"type": "004", "location": "/carpicture05/pic3985/39854943_004.jpg", "updatedDate": "2025-06-12T11:07:40Z", "ordering": 4.0}, {"type": "007", "location": "/carpicture05/pic3985/39854943_007.jpg", "updatedDate": "2025-06-12T11:07:40Z", "ordering": 7.0}] | P42: 559 | R42: ["B"] | S42: ORIGINAL | T42: [] | U42: [] | V42: 201304
A43: 0 | B43: 41189526 | C43: 2.0 모던 | E43: [] | F43: ["Inspection", "Record", "Resume"] | G43: 2018 | H43: 가솔린 | I43: 41189526 | J43: 현대 | K43: 36047 | L43: 쏘나타 뉴 라이즈 | M43: 대구 | N43: /carpicture08/pic4118/41189526_ | O43: [{"type": "001", "location": "/carpicture08/pic4118/41189526_001.jpg", "updatedDate": "2025-12-19T00:44:11Z", "ordering": 1.0}, {"type": "003", "location": "/carpicture08/pic4118/41189526_003.jpg", "updatedDate": "2025-12-19T00:44:11Z", "ordering": 3.0}, {"type": "004", "location": "/carpicture08/pic4118/41189526_004.jpg", "updatedDate": "2025-12-19T00:44:11Z", "ordering": 4.0}, {"type": "007", "location": "/carpicture08/pic4118/41189526_007.jpg", "updatedDate": "2025-12-19T00:44:11Z", "ordering": 7.0}] | P43: 1660 | R43: ["B"] | S43: ORIGINAL | T43: ["EncarDiagnosisP1"] | U43: ["Warranty"] | V43: 201711
A44: 1 | B44: 41187820 | C44: 디젤 2.2 2WD | D44: 익스클루시브 | E44: [] | F44: ["Inspection", "Record", "Resume"] | G44: 2022 | H44: 디젤 | I44: 41187820 | J44: 현대 | K44: 102407 | L44: 팰리세이드 | M44: 인천 | N44: /carpicture08/pic4118/41187820_ | O44: [{"type": "001", "location": "/carpicture08/pic4118/41187820_001.jpg", "updatedDate": "2025-12-17T07:55:51Z", "ordering": 1.0}, {"type": "003", "location": "/carpicture08/pic4118/41187820_003.jpg", "updatedDate": "2025-12-17T07:55:51Z", "ordering": 3.0}, {"type": "004", "location": "/carpicture08/pic4118/41187820_004.jpg", "updatedDate": "2025-12-17T07:55:51Z", "ordering": 4.0}, {"type": "007", "location": "/carpicture08/pic4118/41187820_007.jpg", "updatedDate": "2025-12-17T07:55:51Z", "ordering": 7.0}] | P44: 2540 | R44: ["B"] | S44: ORIGINAL | T44: [] | U44: [] | V44: 202108
A45: 2 | B45: 41194026 | C45: 4WD 투어러 9인승 | D45: 모던 | E45: [] | F45: ["Inspection", "Record", "Resume"] | G45: 2023 | H45: 디젤 | I45: 41194026 | J45: 현대 | K45: 57682 | L45: 스타리아 | M45: 경기 | N45: /carpicture09/pic4119/41194026_ | O45: [{"type": "001", "location": "/carpicture09/pic4119/41194026_001.jpg", "updatedDate": "2025-12-18T07:55:36Z", "ordering": 1.0}, {"type": "003", "location": "/carpicture09/pic4119/41194026_003.jpg", "updatedDate": "2025-12-18T07:55:36Z", "ordering": 3.0}, {"type": "004", "location": "/carpicture09/pic4119/41194026_004.jpg", "updatedDate": "2025-12-18T07:55:36Z", "ordering": 4.0}, {"type": "007", "location": "/carpicture09/pic4119/41194026_007.jpg", "updatedDate": "2025-12-18T07:55:36Z", "ordering": 7.0}] | P45: 3490 | R45: ["B"] | S45: ORIGINAL | T45: ["EncarDiagnosisP1"] | U45: ["Warranty"] | V45: 202209
A46: 0 | B46: 41274924 | C46: 1.4 터보 | D46: 프리미엄 | E46: [] | F46: ["Inspection", "Record", "Resume"] | G46: 2018 | H46: 가솔린 | I46: 41274924 | J46: 현대 | K46: 153214 | L46: i30 (PD) | M46: 인천 | N46: /carpicture07/pic4127/41274924_ | O46: [{"type": "001", "location": "/carpicture07/pic4127/41274924_001.jpg", "updatedDate": "2026-01-06T07:52:45Z", "ordering": 1.0}, {"type": "003", "location": "/carpicture07/pic4127/41274924_003.jpg", "updatedDate": "2026-01-06T07:52:45Z", "ordering": 3.0}, {"type": "004", "location": "/carpicture07/pic4127/41274924_004.jpg", "updatedDate": "2026-01-06T07:52:45Z", "ordering": 4.0}, {"type": "007", "location": "/carpicture07/pic4127/41274924_007.jpg", "updatedDate": "2026-01-06T07:52:45Z", "ordering": 7.0}] | P46: 940 | R46: ["B"] | S46: ORIGINAL | T46: ["EncarDiagnosisP1"] | U46: ["Warranty"] | V46: 201712
A47: 1 | B47: 41270430 | C47: 1.6 터보 2WD | D47: 모던 테크 | E47: [] | F47: ["Inspection", "Record", "Resume"] | G47: 2019 | H47: 가솔린 | I47: 41270430 | J47: 현대 | K47: 77903 | L47: 코나 | M47: 서울 | N47: /carpicture07/pic4127/41270430_ | O47: [{"type": "001", "location": "/carpicture07/pic4127/41270430_001.jpg", "updatedDate": "2026-01-02T08:12:00Z", "ordering": 1.0}, {"type": "003", "location": "/carpicture07/pic4127/41270430_003.jpg", "updatedDate": "2026-01-02T08:12:00Z", "ordering": 3.0}, {"type": "004", "location": "/carpicture07/pic4127/41270430_004.jpg", "updatedDate": "2026-01-02T08:12:00Z", "ordering": 4.0}, {"type": "007", "location": "/carpicture07/pic4127/41270430_007.jpg", "updatedDate": "2026-01-02T08:12:00Z", "ordering": 7.0}] | P47: 1590 | R47: ["B"] | S47: ORIGINAL | T47: ["EncarDiagnosisP0"] | U47: ["Warranty"] | V47: 201903
A48: 0 | B48: 41259286 | C48: 디젤 2.2 2WD | D48: 익스클루시브 | E48: [] | F48: ["Inspection", "Record", "Resume"] | G48: 2019 | H48: 디젤 | I48: 41259286 | J48: 현대 | K48: 146534 | L48: 싼타페 TM | M48: 경기 | N48: /carpicture05/pic4125/41259286_ | O48: [{"type": "001", "location": "/carpicture05/pic4125/41259286_001.jpg", "updatedDate": "2025-12-31T01:56:05Z", "ordering": 1.0}, {"type": "003", "location": "/carpicture05/pic4125/41259286_003.jpg", "updatedDate": "2025-12-31T01:56:05Z", "ordering": 3.0}, {"type": "004", "location": "/carpicture05/pic4125/41259286_004.jpg", "updatedDate": "2025-12-31T01:56:05Z", "ordering": 4.0}, {"type": "007", "location": "/carpicture05/pic4125/41259286_007.jpg", "updatedDate": "2025-12-31T01:56:05Z", "ordering": 7.0}] | P48: 1750 | R48: ["B"] | S48: ORIGINAL | T48: ["EncarDiagnosisP1"] | U48: ["Warranty"] | V48: 201804
A49: 0 | B49: 41254301 | C49: 인스퍼레이션 | E49: [] | F49: ["Inspection", "Record", "Resume"] | G49: 2021 | H49: 가솔린+전기 | I49: 41254301 | J49: 현대 | K49: 83705 | L49: 아반떼 하이브리드 (CN7) | M49: 서울 | N49: /carpicture05/pic4125/41254301_ | O49: [{"type": "001", "location": "/carpicture05/pic4125/41254301_001.jpg", "updatedDate": "2025-12-30T05:56:04Z", "ordering": 1.0}, {"type": "003", "location": "/carpicture05/pic4125/41254301_003.jpg", "updatedDate": "2025-12-30T05:56:04Z", "ordering": 3.0}, {"type": "004", "location": "/carpicture05/pic4125/41254301_004.jpg", "updatedDate": "2025-12-30T05:56:04Z", "ordering": 4.0}, {"type": "007", "location": "/carpicture05/pic4125/41254301_007.jpg", "updatedDate": "2025-12-30T05:56:04Z", "ordering": 7.0}] | P49: 2050 | R49: ["B"] | S49: ORIGINAL | T49: ["EncarDiagnosisP0"] | U49: ["Warranty"] | V49: 202010
A50: 2 | B50: 41247540 | C50: 3.0 LPi (렌터카용) | D50: 프리미엄 | E50: [] | F50: ["Inspection", "Record", "Resume"] | G50: 2022 | H50: LPG(일반인 구입) | I50: 41247540 | J50: 현대 | K50: 123003 | L50: 더 뉴 그랜저 IG | M50: 경기 | N50: /carpicture04/pic4124/41247540_ | O50: [{"type": "001", "location": "/carpicture04/pic4124/41247540_001.jpg", "updatedDate": "2025-12-30T01:51:57Z", "ordering": 1.0}, {"type": "003", "location": "/carpicture04/pic4124/41247540_003.jpg", "updatedDate": "2025-12-30T01:51:57Z", "ordering": 3.0}, {"type": "004", "location": "/carpicture04/pic4124/41247540_004.jpg", "updatedDate": "2025-12-30T01:51:57Z", "ordering": 4.0}, {"type": "007", "location": "/carpicture04/pic4124/41247540_007.jpg", "updatedDate": "2025-12-30T01:51:57Z", "ordering": 7.0}] | P50: 1790 | R50: ["B"] | S50: ORIGINAL | T50: ["EncarDiagnosisP0"] | U50: ["Warranty"] | V50: 202112
A51: 2 | B51: 41238114 | C51: 2.5 | D51: 르블랑 | E51: [] | F51: ["Inspection", "Record", "Resume"] | G51: 2023 | H51: 가솔린 | I51: 41238114 | J51: 현대 | K51: 60183 | L51: 더 뉴 그랜저 IG | M51: 경기 | N51: /carpicture03/pic4123/41238114_ | O51: [{"type": "001", "location": "/carpicture03/pic4123/41238114_001.jpg", "updatedDate": "2025-12-29T07:56:42Z", "ordering": 1.0}, {"type": "003", "location": "/carpicture03/pic4123/41238114_003.jpg", "updatedDate": "2025-12-29T07:56:42Z", "ordering": 3.0}, {"type": "004", "location": "/carpicture03/pic4123/41238114_004.jpg", "updatedDate": "2025-12-29T07:56:42Z", "ordering": 4.0}, {"type": "007", "location": "/carpicture03/pic4123/41238114_007.jpg", "updatedDate": "2025-12-29T07:56:42Z", "ordering": 7.0}] | P51: 2699 | R51: ["B"] | S51: ORIGINAL | T51: ["EncarDiagnosisP1"] | U51: ["Warranty"] | V51: 202206
A52: 0 | B52: 41128990 | C52: 2.0 | D52: 로열 | E52: [] | F52: ["Inspection", "Record", "Resume"] | G52: 2012 | H52: 가솔린+전기 | I52: 41128990 | J52: 현대 | K52: 102635 | L52: 쏘나타 하이브리드 | M52: 경기 | N52: /carpicture02/pic4112/41128990_ | O52: [{"type": "001", "location": "/carpicture02/pic4112/41128990_001.jpg", "updatedDate": "2025-12-10T07:14:56Z", "ordering": 1.0}, {"type": "003", "location": "/carpicture02/pic4112/41128990_003.jpg", "updatedDate": "2025-12-10T07:14:56Z", "ordering": 3.0}, {"type": "004", "location": "/carpicture02/pic4112/41128990_004.jpg", "updatedDate": "2025-12-10T07:14:56Z", "ordering": 4.0}, {"type": "007", "location": "/carpicture02/pic4112/41128990_007.jpg", "updatedDate": "2025-12-10T07:14:56Z", "ordering": 7.0}] | P52: 590 | R52: ["B"] | S52: ORIGINAL | T52: ["EncarDiagnosisP1"] | U52: ["Warranty"] | V52: 201212
A53: 4 | B53: 41120507 | C53: 2.0 스마트 | D53: (세부등급 없음) | E53: [] | F53: ["Inspection", "Record", "Resume"] | G53: 2015 | H53: 가솔린 | I53: 41120507 | J53: 현대 | K53: 125276 | L53: LF 쏘나타 | M53: 인천 | N53: /carpicture02/pic4112/41120507_ | O53: [{"type": "001", "location": "/carpicture02/pic4112/41120507_001.jpg", "updatedDate": "2025-12-08T04:41:54Z", "ordering": 1.0}, {"type": "003", "location": "/carpicture02/pic4112/41120507_003.jpg", "updatedDate": "2025-12-08T04:41:54Z", "ordering": 3.0}, {"type": "004", "location": "/carpicture02/pic4112/41120507_004.jpg", "updatedDate": "2025-12-08T04:41:54Z", "ordering": 4.0}, {"type": "007", "location": "/carpicture02/pic4112/41120507_007.jpg", "updatedDate": "2025-12-08T04:41:54Z", "ordering": 7.0}] | P53: 830 | R53: ["B"] | S53: ORIGINAL | T53: ["EncarDiagnosisP0"] | U53: ["Warranty"] | V53: 201506
A54: 0 | B54: 41228721 | C54: 2.5 | D54: 캘리그래피 | E54: [] | F54: ["Inspection", "Record", "Resume"] | G54: 2022 | H54: 가솔린 | I54: 41228721 | J54: 현대 | K54: 67804 | L54: 더 뉴 그랜저 IG | M54: 경기 | N54: /carpicture02/pic4122/41228721_ | O54: [{"type": "001", "location": "/carpicture02/pic4122/41228721_001.jpg", "updatedDate": "2026-01-19T02:19:33Z", "ordering": 1.0}, {"type": "003", "location": "/carpicture02/pic4122/41228721_003.jpg", "updatedDate": "2026-01-19T02:19:33Z", "ordering": 3.0}, {"type": "004", "location": "/carpicture02/pic4122/41228721_004.jpg", "updatedDate": "2026-01-19T02:19:33Z", "ordering": 4.0}, {"type": "007", "location": "/carpicture02/pic4122/41228721_007.jpg", "updatedDate": "2026-01-19T02:19:33Z", "ordering": 7.0}] | P54: 2949 | R54: ["B"] | S54: ORIGINAL | T54: ["EncarDiagnosisP1"] | U54: ["Warranty"] | V54: 202201
A55: 0 | B55: 41222823 | C55: 디젤 2.0 2WD | D55: 프리미엄 | E55: [] | F55: ["Inspection", "Record", "Resume"] | G55: 2020 | H55: 디젤 | I55: 41222823 | J55: 현대 | K55: 83675 | L55: 싼타페 TM | M55: 서울 | N55: /carpicture02/pic4122/41222823_ | O55: [{"type": "001", "location": "/carpicture02/pic4122/41222823_001.jpg", "updatedDate": "2025-12-24T00:56:16Z", "ordering": 1.0}, {"type": "003", "location": "/carpicture02/pic4122/41222823_003.jpg", "updatedDate": "2025-12-24T00:56:16Z", "ordering": 3.0}, {"type": "004", "location": "/carpicture02/pic4122/41222823_004.jpg", "updatedDate": "2025-12-24T00:56:16Z", "ordering": 4.0}, {"type": "007", "location": "/carpicture02/pic4122/41222823_007.jpg", "updatedDate": "2025-12-24T00:56:16Z", "ordering": 7.0}] | P55: 1750 | R55: ["B"] | S55: ORIGINAL | T55: ["EncarDiagnosisP0"] | U55: ["Warranty"] | V55: 201910
A56: 0 | B56: 41203439 | C56: 인스퍼레이션 2WD | E56: [] | F56: ["Inspection", "Record", "Resume"] | G56: 2021 | H56: 가솔린+전기 | I56: 41203439 | J56: 현대 | K56: 91530 | L56: 투싼 하이브리드 (NX4) | M56: 대구 | N56: /carpicture10/pic4120/41203439_ | O56: [{"type": "001", "location": "/carpicture10/pic4120/41203439_001.jpg", "updatedDate": "2025-12-19T07:54:34Z", "ordering": 1.0}, {"type": "003", "location": "/carpicture10/pic4120/41203439_003.jpg", "updatedDate": "2025-12-19T07:54:34Z", "ordering": 3.0}, {"type": "004", "location": "/carpicture10/pic4120/41203439_004.jpg", "updatedDate": "2025-12-19T07:54:34Z", "ordering": 4.0}, {"type": "007", "location": "/carpicture10/pic4120/41203439_007.jpg", "updatedDate": "2025-12-19T07:54:34Z", "ordering": 7.0}] | P56: 2699 | R56: ["B"] | S56: ORIGINAL | T56: ["EncarDiagnosisP0"] | U56: ["Warranty"] | V56: 202010
A57: 0 | B57: 41192737 | C57: 디젤 2.0 2WD | D57: 프리미엄 | E57: [] | F57: ["Inspection", "Record", "Resume"] | G57: 2020 | H57: 디젤 | I57: 41192737 | J57: 현대 | K57: 125154 | L57: 싼타페 TM | M57: 인천 | N57: /carpicture09/pic4119/41192737_ | O57: [{"type": "001", "location": "/carpicture09/pic4119/41192737_001.jpg", "updatedDate": "2025-12-18T05:02:40Z", "ordering": 1.0}, {"type": "003", "location": "/carpicture09/pic4119/41192737_003.jpg", "updatedDate": "2025-12-18T05:02:40Z", "ordering": 3.0}, {"type": "004", "location": "/carpicture09/pic4119/41192737_004.jpg", "updatedDate": "2025-12-18T05:02:40Z", "ordering": 4.0}, {"type": "007", "location": "/carpicture09/pic4119/41192737_007.jpg", "updatedDate": "2025-12-18T05:02:40Z", "ordering": 7.0}] | P57: 2000 | R57: ["B"] | S57: ORIGINAL | T57: ["EncarDiagnosisP0"] | U57: ["Warranty"] | V57: 202005
A58: 0 | B58: 41189810 | C58: 디젤 2.0 2WD | D58: 프리미엄 | E58: [] | F58: ["Inspection", "Record", "Resume"] | G58: 2016 | H58: 디젤 | I58: 41189810 | J58: 현대 | K58: 49401 | L58: 싼타페 더 프라임 | M58: 경기 | N58: /carpicture08/pic4118/41189810_ | O58: [{"type": "001", "location": "/carpicture08/pic4118/41189810_001.jpg", "updatedDate": "2025-12-18T01:55:48Z", "ordering": 1.0}, {"type": "003", "location": "/carpicture08/pic4118/41189810_003.jpg", "updatedDate": "2025-12-18T01:55:48Z", "ordering": 3.0}, {"type": "004", "location": "/carpicture08/pic4118/41189810_004.jpg", "updatedDate": "2025-12-18T01:55:48Z", "ordering": 4.0}, {"type": "007", "location": "/carpicture08/pic4118/41189810_007.jpg", "updatedDate": "2025-12-18T01:55:48Z", "ordering": 7.0}] | P58: 1479 | R58: ["B"] | S58: ORIGINAL | T58: ["EncarDiagnosisP0"] | U58: ["Warranty"] | V58: 201609
A59: 0 | B59: 41169630 | C59: 디 에센셜 | E59: [] | F59: ["Inspection", "Record", "Resume"] | G59: 2023 | H59: 가솔린 | I59: 41169630 | J59: 현대 | K59: 20173 | L59: 캐스퍼 | M59: 경기 | N59: /carpicture06/pic4116/41169630_ | O59: [{"type": "001", "location": "/carpicture06/pic4116/41169630_001.jpg", "updatedDate": "2025-12-16T01:45:00Z", "ordering": 1.0}, {"type": "003", "location": "/carpicture06/pic4116/41169630_003.jpg", "updatedDate": "2025-12-16T01:45:00Z", "ordering": 3.0}, {"type": "004", "location": "/carpicture06/pic4116/41169630_004.jpg", "updatedDate": "2025-12-16T01:45:00Z", "ordering": 4.0}, {"type": "007", "location": "/carpicture06/pic4116/41169630_007.jpg", "updatedDate": "2025-12-16T01:45:00Z", "ordering": 7.0}] | P59: 1620 | R59: ["B"] | S59: ORIGINAL | T59: ["EncarDiagnosisP1"] | U59: ["Warranty"] | V59: 202305
A60: 2 | B60: 41179282 | C60: 3.0 익스클루시브 | D60: 스페셜 | E60: [] | F60: ["Inspection", "Record", "Resume"] | G60: 2019 | H60: 가솔린 | I60: 41179282 | J60: 현대 | K60: 113584 | L60: 그랜저 IG | M60: 경북 | N60: /carpicture07/pic4117/41179282_ | O60: [{"type": "001", "location": "/carpicture07/pic4117/41179282_001.jpg", "updatedDate": "2025-12-16T06:54:03Z", "ordering": 1.0}, {"type": "003", "location": "/carpicture07/pic4117/41179282_003.jpg", "updatedDate": "2025-12-16T06:54:03Z", "ordering": 3.0}, {"type": "004", "location": "/carpicture07/pic4117/41179282_004.jpg", "updatedDate": "2025-12-16T06:54:03Z", "ordering": 4.0}, {"type": "007", "location": "/carpicture07/pic4117/41179282_007.jpg", "updatedDate": "2025-12-16T06:54:03Z", "ordering": 7.0}] | P60: 1570 | R60: ["B"] | S60: ORIGINAL | T60: [] | U60: [] | V60: 201810
A61: 0 | B61: 41161416 | C61: 2.0 | D61: 프리미엄 플러스 | E61: [] | F61: ["Inspection", "Record", "Resume"] | G61: 2022 | H61: 가솔린 | I61: 41161416 | J61: 현대 | K61: 63138 | L61: 쏘나타 (DN8) | M61: 경기 | N61: /carpicture06/pic4116/41161416_ | O61: [{"type": "001", "location": "/carpicture06/pic4116/41161416_001.jpg", "updatedDate": "2025-12-12T07:55:14Z", "ordering": 1.0}, {"type": "003", "location": "/carpicture06/pic4116/41161416_003.jpg", "updatedDate": "2025-12-12T07:55:14Z", "ordering": 3.0}, {"type": "004", "location": "/carpicture06/pic4116/41161416_004.jpg", "updatedDate": "2025-12-12T07:55:14Z", "ordering": 4.0}, {"type": "007", "location": "/carpicture06/pic4116/41161416_007.jpg", "updatedDate": "2025-12-12T07:55:14Z", "ordering": 7.0}] | P61: 2450 | R61: ["B"] | S61: ORIGINAL | T61: ["EncarDiagnosisP0"] | U61: ["Warranty"] | V61: 202207
A62: 5 | B62: 41151139 | C62: 1.6 | D62: 스마트 | E62: [] | F62: ["Inspection", "Record", "Resume"] | G62: 2022 | H62: 가솔린 | I62: 41151139 | J62: 현대 | K62: 58364 | L62: 아반떼 (CN7) | M62: 경기 | N62: /carpicture05/pic4115/41151139_ | O62: [{"type": "001", "location": "/carpicture05/pic4115/41151139_001.jpg", "updatedDate": "2025-12-12T01:55:42Z", "ordering": 1.0}, {"type": "003", "location": "/carpicture05/pic4115/41151139_003.jpg", "updatedDate": "2025-12-12T01:55:42Z", "ordering": 3.0}, {"type": "004", "location": "/carpicture05/pic4115/41151139_004.jpg", "updatedDate": "2025-12-12T01:55:42Z", "ordering": 4.0}, {"type": "007", "location": "/carpicture05/pic4115/41151139_007.jpg", "updatedDate": "2025-12-12T01:55:42Z", "ordering": 7.0}] | P62: 1480 | R62: ["B"] | S62: ORIGINAL | T62: [] | U62: [] | V62: 202202
A63: 1 | B63: 41149660 | C63: 1.5 DOHC 디럭스 | D63: 기본형 | E63: [] | F63: ["Inspection", "Record", "Resume"] | G63: 2001 | H63: 가솔린 | I63: 41149660 | J63: 현대 | K63: 72994 | L63: 아반떼 XD | M63: 대구 | N63: /carpicture04/pic4114/41149660_ | O63: [{"type": "001", "location": "/carpicture04/pic4114/41149660_001.jpg", "updatedDate": "2025-12-11T07:02:41Z", "ordering": 1.0}, {"type": "003", "location": "/carpicture04/pic4114/41149660_003.jpg", "updatedDate": "2025-12-11T07:02:41Z", "ordering": 3.0}, {"type": "004", "location": "/carpicture04/pic4114/41149660_004.jpg", "updatedDate": "2025-12-11T07:02:41Z", "ordering": 4.0}, {"type": "007", "location": "/carpicture04/pic4114/41149660_007.jpg", "updatedDate": "2025-12-11T07:02:41Z", "ordering": 7.0}] | P63: 220 | R63: ["B"] | S63: ORIGINAL | T63: ["EncarDiagnosisP0"] | U63: ["Warranty"] | V63: 200107
A64: 0 | B64: 41148444 | C64: 가솔린 2.5T 2WD | D64: 캘리그래피 | E64: [] | F64: ["Inspection", "Record", "Resume"] | G64: 2021 | H64: 가솔린 | I64: 41148444 | J64: 현대 | K64: 56571 | L64: 더 뉴 싼타페 | M64: 서울 | N64: /carpicture04/pic4114/41148444_ | O64: [{"type": "001", "location": "/carpicture04/pic4114/41148444_001.jpg", "updatedDate": "2025-12-11T05:56:00Z", "ordering": 1.0}, {"type": "003", "location": "/carpicture04/pic4114/41148444_003.jpg", "updatedDate": "2025-12-11T05:56:00Z", "ordering": 3.0}, {"type": "004", "location": "/carpicture04/pic4114/41148444_004.jpg", "updatedDate": "2025-12-11T05:56:00Z", "ordering": 4.0}, {"type": "007", "location": "/carpicture04/pic4114/41148444_007.jpg", "updatedDate": "2025-12-11T05:56:00Z", "ordering": 7.0}] | P64: 3180 | R64: ["B"] | S64: ORIGINAL | T64: ["EncarDiagnosisP0"] | U64: ["Warranty"] | V64: 202103
A65: 1 | B65: 41146024 | C65: 3.0 익스클루시브 | D65: 스페셜 | E65: [] | F65: ["Inspection", "Record", "Resume"] | G65: 2018 | H65: 가솔린 | I65: 41146024 | J65: 현대 | K65: 155482 | L65: 그랜저 IG | M65: 대구 | N65: /carpicture04/pic4114/41146024_ | O65: [{"type": "001", "location": "/carpicture04/pic4114/41146024_001.jpg", "updatedDate": "2025-12-12T08:03:27Z", "ordering": 1.0}, {"type": "003", "location": "/carpicture04/pic4114/41146024_003.jpg", "updatedDate": "2025-12-12T08:03:27Z", "ordering": 3.0}, {"type": "004", "location": "/carpicture04/pic4114/41146024_004.jpg", "updatedDate": "2025-12-12T08:03:27Z", "ordering": 4.0}, {"type": "007", "location": "/carpicture04/pic4114/41146024_007.jpg", "updatedDate": "2025-12-12T08:03:27Z", "ordering": 7.0}] | P65: 1290 | R65: ["B"] | S65: ORIGINAL | T65: ["EncarDiagnosisP0"] | U65: ["Warranty"] | V65: 201804
A66: 0 | B66: 40403035 | C66: 가솔린 1.6 터보 2WD | D66: 프리미엄 | E66: [] | F66: ["Inspection", "Record", "Resume"] | G66: 2023 | H66: 가솔린 | I66: 40403035 | J66: 현대 | K66: 58901 | L66: 투싼 (NX4) | M66: 충남 | N66: /carpicture10/pic4040/40403035_ | O66: [{"type": "001", "location": "/carpicture10/pic4040/40403035_001.jpg", "updatedDate": "2025-08-28T07:42:54Z", "ordering": 1.0}, {"type": "003", "location": "/carpicture10/pic4040/40403035_003.jpg", "updatedDate": "2025-08-28T07:42:54Z", "ordering": 3.0}, {"type": "004", "location": "/carpicture10/pic4040/40403035_004.jpg", "updatedDate": "2025-08-28T07:42:54Z", "ordering": 4.0}, {"type": "007", "location": "/carpicture10/pic4040/40403035_007.jpg", "updatedDate": "2025-08-28T07:42:54Z", "ordering": 7.0}] | P66: 2550 | R66: ["B"] | S66: ORIGINAL | T66: ["EncarDiagnosisP1"] | U66: ["Warranty", "ExtendWarranty"] | V66: 202306
A67: 1 | B67: 40788412 | C67: 디젤 2.2 2WD | D67: 익스클루시브 | E67: [] | F67: ["Inspection", "Record", "Resume"] | G67: 2023 | H67: 디젤 | I67: 40788412 | J67: 현대 | K67: 77880 | L67: 더 뉴 팰리세이드 | M67: 인천 | N67: /carpicture08/pic4078/40788412_ | O67: [{"type": "001", "location": "/carpicture08/pic4078/40788412_001.jpg", "updatedDate": "2025-10-23T00:50:36Z", "ordering": 1.0}, {"type": "003", "location": "/carpicture08/pic4078/40788412_003.jpg", "updatedDate": "2025-10-23T00:50:36Z", "ordering": 3.0}, {"type": "004", "location": "/carpicture08/pic4078/40788412_004.jpg", "updatedDate": "2025-10-23T00:50:36Z", "ordering": 4.0}, {"type": "007", "location": "/carpicture08/pic4078/40788412_007.jpg", "updatedDate": "2025-10-23T00:50:36Z", "ordering": 7.0}] | P67: 3400 | R67: ["B"] | S67: ORIGINAL | T67: [] | U67: [] | V67: 202304
A68: 0 | B68: 40211340 | C68: 가솔린 2.5T 4WD | D68: 캘리그래피 | E68: [] | F68: ["Inspection", "Record", "Resume"] | G68: 2024 | H68: 가솔린 | I68: 40211340 | J68: 현대 | K68: 19480 | L68: 싼타페 (MX5) | M68: 대구 | N68: /carpicture01/pic4021/40211340_ | O68: [{"type": "001", "location": "/carpicture01/pic4021/40211340_001.jpg", "updatedDate": "2025-08-01T07:38:12Z", "ordering": 1.0}, {"type": "003", "location": "/carpicture01/pic4021/40211340_003.jpg", "updatedDate": "2025-08-01T07:38:12Z", "ordering": 3.0}, {"type": "004", "location": "/carpicture01/pic4021/40211340_004.jpg", "updatedDate": "2025-08-01T07:38:12Z", "ordering": 4.0}, {"type": "007", "location": "/carpicture01/pic4021/40211340_007.jpg", "updatedDate": "2025-08-01T07:38:12Z", "ordering": 7.0}] | P68: 4299 | R68: ["B"] | S68: ORIGINAL | T68: ["EncarDiagnosisP0"] | U68: ["Warranty", "ExtendWarranty", "Compensate"] | V68: 202403
